geoid,carea,cperim,dperim_0.5,dpperim_0.5,dperim_pro_0.5,dpperim_pro_0.5,darea_0.5,dparea_0.5,darea_pro_0.5,dparea_pro_0.5,dperim_0.1,dpperim_0.1,dperim_pro_0.1,dpperim_pro_0.1,darea_0.1,dparea_0.1,darea_pro_0.1,dparea_pro_0.1
5402,2.156278662277526,14.723521968804341,123,164373,118.60479442415512,158735.62214928676,487,620862,482.60479442415516,615224.6221492869,123,164373,118.60479442415512,158735.62214928676,487,620862,482.60479442415516,615224.6221492869
5403,2.6181547514412222,11.45661595777238,103,122684,99.49831021992556,118736.58598542864,510,608503,506.4983102199255,604555.5859854285,111,130071,101.60551094254667,120711.53859937977,518,615890,508.6055109425467,606530.5385993797
5401,1.7212079068249944,10.791879138614439,120,137996,113.77896701738602,130930.58040111631,579,608713,572.778967017386,601647.5804011163,128,145707,115.90506503077937,132977.92433972144,587,616424,574.9050650307794,603694.9243397213
