geoid,carea,cperim,dperim_0.5,dpperim_0.5,dperim_pro_0.5,dpperim_pro_0.5,darea_0.5,dparea_0.5,darea_pro_0.5,dparea_pro_0.5,dperim_0.1,dpperim_0.1,dperim_pro_0.1,dpperim_pro_0.1,darea_0.1,dparea_0.1,darea_pro_0.1,dparea_pro_0.1
2402,0.11144232804130647,3.740205198252909,84,346971,71.86598509489049,294461.7914092965,196,754319,183.86598509489048,701809.7914092963,114,453120,80.78258078881463,327100.4697962218,226,860468,192.78258078881467,734448.4697962215
2401,1.1895862359784208,13.597862165415528,81,351016,71.46453749064464,312495.5122323742,169,731108,159.46453749064463,692587.512232374,92,395551,74.29166494299314,323614.387572484,180,775643,162.29166494299318,703706.387572484
2403,0.07841051113488813,4.2190556947520195,91,397602,75.53637332547227,332542.0076694068,130,564330,114.53637332547221,499270.0076694068,137,628249,88.87885898770276,400611.74894900364,176,794977,127.87885898770269,567339.7489490039
2406,0.5363913974547213,7.6294228050292405,59,277975,53.482890691319064,252959.4070381513,156,683252,150.48289069131906,658236.4070381514,77,359260,58.42994136889186,275475.45981902437,174,764537,155.42994136889183,680752.4598190241
2405,0.4347732642338712,4.2834037539458,59,296142,51.32450090018015,254801.18909627196,152,725878,144.32450090018017,684537.1890962719,77,374598,56.20108109655224,277080.2689473761,170,804334,149.2010810965522,706816.2689473759
2407,0.14025181816350257,3.1931766148021308,51,205090,43.93959490961237,177430.38669729207,221,774959,213.9395949096123,747299.3866972922,82,325289,53.94523379831455,216910.89467581484,252,895158,223.94523379831452,786779.8946758149
2408,0.2423112861005692,4.573985829831908,64,278015,56.06975050409432,240274.94831150377,191,804838,183.06975050409437,767097.9483115041,88,376072,62.90929295214327,268693.01668479503,215,902895,189.90929295214337,795516.0166847953
2404,0.08356285813183566,2.5249085631037276,60,274443,50.483593971438914,228042.03597578447,175,724937,165.4835939714389,678536.0359757845,85,411031,56.99288842000842,264698.72142399696,200,861525,171.99288842000843,715192.7214239974
