geoid,carea,cperim,dperim_0.5,dpperim_0.5,dperim_pro_0.5,dpperim_pro_0.5,darea_0.5,dparea_0.5,darea_pro_0.5,dparea_pro_0.5,dperim_0.1,dpperim_0.1,dperim_pro_0.1,dpperim_pro_0.1,darea_0.1,dparea_0.1,darea_pro_0.1,dparea_pro_0.1
2506,0.1548294619065263,2.5007500512076204,88,128867,74.04396005331628,109293.06102080163,496,683929,482.0439600533162,664355.0610208015,116,168694,82.90198763681948,121662.26817489015,524,723756,490.9019876368194,676724.2681748901
2508,0.09038886120933144,2.5474769152787684,90,119578,77.30924044321638,102308.46382630877,486,608373,473.3092404432165,591103.4638263086,145,196791,92.9723214722521,124446.02203396539,541,685586,488.9723214722523,613241.022033965
2501,0.6749763610880457,5.0411476966831605,70,105047,67.01056539776823,99412.96813323295,576,724377,573.0105653977683,718742.9681332328,77,113417,68.90626690623512,101806.24895264785,583,732747,574.9062669062353,721136.2489526476
2504,0.19959123544864893,3.046812566889609,104,170701,95.1777949250031,157307.48971527562,452,694070,443.1777949250032,680676.4897152757,133,214493,104.46711158696678,171545.49701277833,481,737862,452.46711158696684,694914.4970127783
2507,0.025257904165930548,1.180384891747451,98,125883,80.55627262204744,103987.39720287574,765,905280,747.5562726220477,883384.3972028758,149,182569,93.91930304997302,118895.74775614074,816,961966,760.9193030499731,898292.7477561408
2503,0.22863545986040196,3.0629526599076584,57,92020,51.447681357212254,83287.96495638412,505,742341,499.4476813572122,733608.9649563839,76,125290,56.3233652231012,91659.3948735346,524,775611,504.32336522310123,741980.3948735346
2505,0.08122467722638241,1.7840824305600014,85,111974,74.49010750241374,99041.46557004256,564,687940,553.4901075024138,675007.4655700426,135,183098,88.4607823168014,119280.03898450545,614,759064,567.4607823168014,695246.0389845055
2502,0.4875174417699884,3.9728541851437127,74,129353,69.33641981476195,121860.45635805193,513,729968,508.3364198147618,722475.4563580519,83,146744,71.07286233660713,125427.46383938246,522,747359,510.0728623366071,726042.4638393824
2509,0.37962606387324305,8.55086198598767,169,190190,147.0436037661173,167021.9912531051,566,706879,544.0436037661174,683710.9912531052,198,221707,156.5440959836801,177316.948223892,595,738396,553.5440959836799,694005.9482238923
