geoid,carea,cperim,dperim_0.5,dpperim_0.5,dperim_pro_0.5,dpperim_pro_0.5,darea_0.5,dparea_0.5,darea_pro_0.5,dparea_pro_0.5,dperim_0.1,dpperim_0.1,dperim_pro_0.1,dpperim_pro_0.1,darea_0.1,dparea_0.1,darea_pro_0.1,dparea_pro_0.1
4701,1.0962507737745113,6.925060112384294,47,205737,45.400844629815595,198314.56954004953,159,706103,157.4008446298156,698680.5695400496,47,205737,45.400844629815595,198314.56954004953,159,706103,157.4008446298156,698680.5695400496
4702,0.6296542287074989,6.617272553776239,40,155287,38.76285373639815,151140.8720927567,172,700907,170.76285373639809,696760.8720927567,51,208446,41.18382983679768,161069.31008667292,183,754066,173.1838298367976,706689.3100866728
4704,1.5665141189025091,9.317249437562468,62,282167,59.5038361869086,271934.2009534555,143,688585,140.50383618690861,678352.2009534559,69,322375,61.60306773866855,284236.0267132825,150,728793,142.60306773866856,690654.0267132827
4705,0.3312094379504991,3.22811625670701,33,155892,31.459893714928565,147115.23174753165,178,707664,176.45989371492857,698887.2317475316,34,159752,31.651052999082854,147853.10658436723,179,711524,176.65105299908288,699625.1065843672
4703,1.2115526456164931,9.25996369710408,57,260579,54.35607181253361,249066.24402172182,162,710974,159.35607181253363,699461.2440217218,61,276403,55.03347841385424,251818.53693961748,166,726798,160.03347841385425,702213.5369396174
4707,2.4026990181537053,10.253828422915554,65,296123,62.77179692287366,284806.5749106259,167,719576,164.7717969228737,708259.5749106257,68,304935,63.58783267706038,287063.0967957792,170,728388,165.5878326770604,710516.0967957791
4708,1.8048346448122126,8.659280817087115,41,189280,37.47358723113908,165524.33845368266,174,726221,170.47358723113908,702465.3384536828,54,255658,40.71623247753853,183095.10393541626,187,792599,173.7162324775385,720036.1039354163
4706,1.7138589731191323,8.296436041765833,47,230143,46.213230280178486,226713.95184168022,162,702146,161.2132302801785,698716.95184168,52,255382,47.26990895411928,232068.2475515394,167,727385,162.2699089541193,704071.2475515392
4709,0.12888235323362995,2.543888541181306,30,130051,26.44237956036542,111363.10643758975,180,683929,176.44237956036542,665241.1064375897,41,205489,29.641137181324083,133769.84978391253,191,759367,179.64113718132407,687647.8497839124
