geoid,carea,cperim,dperim_0.5,dpperim_0.5,dperim_pro_0.5,dpperim_pro_0.5,darea_0.5,dparea_0.5,darea_pro_0.5,dparea_pro_0.5,dperim_0.1,dpperim_0.1,dperim_pro_0.1,dpperim_pro_0.1,darea_0.1,dparea_0.1,darea_pro_0.1,dparea_pro_0.1
4600,22.583844917250513,22.78648094894337,76,90375,75.40460431993553,89723.217381858,654,814180,653.4046043199356,813528.2173818578,76,90375,75.40460431993553,89723.217381858,654,814180,653.4046043199356,813528.2173818578
