geoid,carea,cperim,dperim_0.5,dpperim_0.5,dperim_pro_0.5,dpperim_pro_0.5,darea_0.5,dparea_0.5,darea_pro_0.5,dparea_pro_0.5,dperim_0.1,dpperim_0.1,dperim_pro_0.1,dpperim_pro_0.1,darea_0.1,dparea_0.1,darea_pro_0.1,dparea_pro_0.1
2302,8.72348484045915,21.700489262138472,63,218905,57.77431650868049,201914.46494208314,198,660391,192.77431650868044,643400.4649420832,67,231819,58.59058840897039,204282.6503628625,202,673305,193.59058840897038,645768.6503628625
2301,1.0426960313406382,10.655197931605954,65,282273,57.529681059837294,254022.46342317638,145,643777,137.52968105983726,615526.4634231763,72,307922,60.05231284409224,263364.48537149915,152,669426,140.05231284409223,624868.4853714991
