geoid,carea,cperim,dperim_0.5,dpperim_0.5,dperim_pro_0.5,dpperim_pro_0.5,darea_0.5,dparea_0.5,darea_pro_0.5,dparea_pro_0.5,dperim_0.1,dpperim_0.1,dperim_pro_0.1,dpperim_pro_0.1,darea_0.1,dparea_0.1,darea_pro_0.1,dparea_pro_0.1
1000,0.5453447554436612,4.27415337521025,45,193682,42.74055628202074,186580.1027091628,214,897224,211.7405562820208,890122.1027091627,47,194392,43.32417765964046,186864.0477796341,216,897934,212.3241776596405,890406.047779634
