geoid,carea,cperim,dperim_0.5,dpperim_0.5,dperim_pro_0.5,dpperim_pro_0.5,darea_0.5,dparea_0.5,darea_pro_0.5,dparea_pro_0.5,dperim_0.1,dpperim_0.1,dperim_pro_0.1,dpperim_pro_0.1,darea_0.1,dparea_0.1,darea_pro_0.1,dparea_pro_0.1
1903,2.4620118749021804,8.147199319915305,33,106456,32.8415012179869,105826.04566285117,197,757827,196.84150121798692,757197.0456628511,34,110241,32.99868685212456,106420.99328806218,198,761612,196.99868685212456,757791.9932880622
1904,6.492665957788493,13.427940266270591,52,157613,51.54989482556354,156260.81995877103,223,758859,222.54989482556357,757506.8199587709,53,160325,51.99247504219328,157461.09750627086,224,761571,222.99247504219332,758707.0975062707
1901,3.445584969390882,12.683406442057327,52,182736,51.79997016939254,181611.7460082714,202,761548,201.7999701693926,760423.7460082714,52,182736,51.79997016939254,181611.7460082714,202,761548,201.7999701693926,760423.7460082714
1902,3.4558680720814974,11.470243529770626,60,225951,59.13467289101995,221641.52574225637,201,761624,200.13467289102002,757314.5257422563,60,225951,59.13467289101995,221641.52574225637,201,761624,200.13467289102002,757314.5257422563
