geoid,carea,cperim,dperim_0.5,dpperim_0.5,dperim_pro_0.5,dpperim_pro_0.5,darea_0.5,dparea_0.5,darea_pro_0.5,dparea_pro_0.5,dperim_0.1,dpperim_0.1,dperim_pro_0.1,dpperim_pro_0.1,darea_0.1,dparea_0.1,darea_pro_0.1,dparea_pro_0.1
2703,0.17427370461750005,2.305379530964247,49,234574,42.9035491971382,207260.90632937656,158,711458,151.90354919713818,684144.9063293769,59,271412,45.861940212829026,218864.01910103436,168,748296,154.861940212829,695748.0191010346
2702,0.744202331439996,5.31422641210796,37,172959,34.57601583348214,162981.4036933295,143,657833,140.57601583348213,647855.4036933295,46,213816,37.428131882408856,175760.9066588289,152,698690,143.42813188240888,660634.9066588288
2701,3.532094991368465,12.600157423940528,39,156547,37.56521804143444,149348.81875665215,168,670616,166.56521804143446,663417.8187566523,39,156547,37.56521804143444,149348.81875665215,168,670616,166.56521804143446,663417.8187566523
2704,0.10797690939010196,1.4530150332134,33,133970,30.36928091221958,124845.92225948085,173,667161,170.3692809122196,658036.9222594807,40,159034,32.216606413480285,131683.81303531662,180,692225,172.21660641348032,664874.8130353165
2705,0.04022222143999925,0.9097198143918697,21,80289,18.631403884719415,71771.85195437205,183,611250,180.63140388471942,602732.8519543723,39,153763,23.78089990145661,93079.43040650827,201,684724,185.7808999014566,624040.4304065083
2708,9.273586340576607,18.497963251219787,49,195579,45.37845369297649,183438.08976784453,181,659012,177.37845369297648,646871.0897678446,55,213262,47.24833066915588,188274.8908771492,187,676695,179.24833066915588,651707.8908771493
2706,0.8969236941223862,6.758419488673005,51,286368,49.801806695089496,281357.5604309817,126,655917,124.80180669508948,650906.5604309816,53,296455,50.56833436033176,284837.7906668719,128,666004,125.56833436033175,654386.7906668718
2707,10.762519917631117,19.755316166496634,70,230942,68.02635548404348,222878.60295337753,200,665340,198.02635548404353,657276.6029533773,73,244727,68.85501971126224,226318.58371737064,203,679125,198.85501971126232,660716.5837173704
