geoid,carea,cperim,dperim_0.5,dpperim_0.5,dperim_pro_0.5,dpperim_pro_0.5,darea_0.5,dparea_0.5,darea_pro_0.5,dparea_pro_0.5,dperim_0.1,dpperim_0.1,dperim_pro_0.1,dpperim_pro_0.1,darea_0.1,dparea_0.1,darea_pro_0.1,dparea_pro_0.1
3202,15.536038541264114,18.476894208030668,31,32162,30.210217730702905,31293.03112022346,493,677011,492.2102177307028,676142.0311202232,32,33359,30.32037069461178,31424.884218022376,494,678208,492.32037069461165,676273.8842180221
3203,0.7455788972064799,4.260258980218198,26,53543,23.432328446954916,47766.57583343765,406,687299,403.4323284469549,681522.5758334376,38,75614,26.25963000150033,53178.35339024043,418,709370,406.2596300015003,686934.3533902403
3201,0.02659851529100068,0.732212541681054,57,86568,52.67458291085722,80220.93284123739,497,653837,492.67458291085734,647489.9328412373,73,116222,58.02145367100582,90179.59417253187,513,683491,498.0214536710059,657448.5941725317
3204,13.62467012580657,17.49519872918495,55,85496,48.94538309471033,75458.52415698905,440,682404,433.94538309471034,672366.5241569891,66,102302,52.112071308599084,79872.50369800675,451,699210,437.1120713085991,676780.5036980067
