geoid,carea,cperim,dperim_0.5,dpperim_0.5,dperim_pro_0.5,dpperim_pro_0.5,darea_0.5,dparea_0.5,darea_pro_0.5,dparea_pro_0.5,dperim_0.1,dpperim_0.1,dperim_pro_0.1,dpperim_pro_0.1,darea_0.1,dparea_0.1,darea_pro_0.1,dparea_pro_0.1
3000,45.071937997193785,34.20046218668365,46,108144,45.878958231570415,107860.24293539001,271,989415,270.87895823157044,989131.2429353899,46,108144,45.878958231570415,107860.24293539001,271,989415,270.87895823157044,989131.2429353899
