geoid,carea,cperim,dperim_0.5,dpperim_0.5,dperim_pro_0.5,dpperim_pro_0.5,darea_0.5,dparea_0.5,darea_pro_0.5,dparea_pro_0.5,dperim_0.1,dpperim_0.1,dperim_pro_0.1,dpperim_pro_0.1,darea_0.1,dparea_0.1,darea_pro_0.1,dparea_pro_0.1
4401,0.08312465979829756,3.1988634133660154,86,117490,73.09312208428395,102555.11423207859,385,495224,372.09312208428395,480289.11423207854,103,135912,78.9265470581932,108704.54390235049,402,513646,377.92654705819314,486438.5439023506
4402,0.22650505037243968,2.6414703637273975,68,77754,60.76807014825947,70944.30357177474,408,539130,400.7680701482595,532320.3035717746,83,91101,65.93014577514452,75473.86321879386,423,552477,405.9301457751445,536849.8632187938
