geoid,carea,cperim,dperim_0.5,dpperim_0.5,dperim_pro_0.5,dpperim_pro_0.5,darea_0.5,dparea_0.5,darea_pro_0.5,dparea_pro_0.5,dperim_0.1,dpperim_0.1,dperim_pro_0.1,dpperim_pro_0.1,darea_0.1,dparea_0.1,darea_pro_0.1,dparea_pro_0.1
3102,0.15036962084574232,1.8368625467747843,32,40311,30.017029860443067,36791.86590117053,574,613079,572.0170298604432,609559.8659011705,36,46266,30.625754501110492,37683.69273538851,578,619034,572.6257545011107,610451.6927353884
3101,2.4940696212577516,9.613648231949444,68,80887,66.36019262386863,78635.56223030537,479,604367,477.3601926238687,602115.5622303052,74,93027,67.47369427038106,81234.07120307806,485,616507,478.47369427038115,604714.0712030778
3103,18.967316259374467,26.624835325641573,86,91174,85.57426544595606,90654.7273961616,580,608895,579.5742654459559,608375.7273961616,86,91174,85.57426544595606,90654.7273961616,580,608895,579.5742654459559,608375.7273961616
