geoid,carea,cperim,dperim_0.5,dpperim_0.5,dperim_pro_0.5,dpperim_pro_0.5,darea_0.5,dparea_0.5,darea_pro_0.5,dparea_pro_0.5,dperim_0.1,dpperim_0.1,dperim_pro_0.1,dpperim_pro_0.1,darea_0.1,dparea_0.1,darea_pro_0.1,dparea_pro_0.1
3000,45.071937997193785,34.20046218668365,56,56098,55.83243511418849,55934.91498174865,842,989415,841.8324351141885,989251.9149817484,56,56098,55.83243511418849,55934.91498174865,842,989415,841.8324351141885,989251.9149817484
