geoid,carea,cperim,dperim_0.5,dpperim_0.5,dperim_pro_0.5,dpperim_pro_0.5,darea_0.5,dparea_0.5,darea_pro_0.5,dparea_pro_0.5,dperim_0.1,dpperim_0.1,dperim_pro_0.1,dpperim_pro_0.1,darea_0.1,dparea_0.1,darea_pro_0.1,dparea_pro_0.1
3302,1.9104192337357313,10.596215442668209,132,197148,125.84983546938969,188412.81094496846,462,646674,455.8498354693897,637938.8109449685,138,207754,128.02415569180775,192308.46759383948,468,657280,458.0241556918077,641834.4675938394
3301,0.765197274249077,6.311938053351173,94,146749,86.27026057521279,136204.06809516967,453,661870,445.270260575213,651325.0680951695,107,166380,90.18197176985238,141743.5614921462,466,681501,449.18197176985257,656864.5614921461
