geoid,carea,cperim,dperim_0.5,dpperim_0.5,dperim_pro_0.5,dpperim_pro_0.5,darea_0.5,dparea_0.5,darea_pro_0.5,dparea_pro_0.5,dperim_0.1,dpperim_0.1,dperim_pro_0.1,dpperim_pro_0.1,darea_0.1,dparea_0.1,darea_pro_0.1,dparea_pro_0.1
1601,11.879079658067614,24.607273336630765,74,118155,71.52402881792817,113934.06733977186,432,780767,429.5240288179282,776546.0673397718,82,135130,73.98164879331223,119656.46393199725,440,797742,431.9816487933123,782268.4639319972
1602,12.57921591312243,19.626905781441955,45,73146,42.258438187827636,66872.39518057537,531,786815,528.2584381878276,780541.3951805753,51,88311,43.89112177801536,69849.7011829677,537,801980,529.8911217780153,783518.7011829676
