geoid,carea,cperim,dperim_0.5,dpperim_0.5,dperim_pro_0.5,dpperim_pro_0.5,darea_0.5,dparea_0.5,darea_pro_0.5,dparea_pro_0.5,dperim_0.1,dpperim_0.1,dperim_pro_0.1,dpperim_pro_0.1,darea_0.1,dparea_0.1,darea_pro_0.1,dparea_pro_0.1
2505,0.08122467722638241,1.7840824305600014,48,242966,43.26877521812453,218236.3600380029,144,696626,139.26877521812457,671896.3600380027,69,324151,49.5139902557282,242049.65078825084,165,777811,145.51399025572826,695709.6507882507
2503,0.22863545986040196,3.0629526599076584,43,219612,39.63821904314697,202698.6092877912,160,746957,156.638219043147,730043.6092877913,51,259549,41.67601865286926,212037.51205555213,168,786894,158.6760186528693,739382.5120555522
2507,0.025257904165930548,1.180384891747451,64,264829,52.82636506547644,219122.96042389135,241,912281,229.82636506547638,866574.9604238912,84,340872,57.46961376802065,237835.89521591968,261,988324,234.4696137680206,885287.8952159196
2501,0.6749763610880457,5.0411476966831605,47,200247,44.924647453854746,190051.02490285924,174,729379,171.92464745385476,719183.0249028592,47,200247,44.924647453854746,190051.02490285924,174,729379,171.92464745385476,719183.0249028592
2509,0.37962606387324305,8.55086198598767,91,370248,81.43121634804245,333467.3147647541,168,699530,158.43121634804243,662749.3147647541,103,425686,85.2917270708371,352852.1499316312,180,754968,162.29172707083708,682134.1499316313
2504,0.19959123544864893,3.046812566889609,60,328665,54.74851658027211,302048.9704667414,137,703641,131.74851658027214,677024.9704667414,72,388155,58.05083855488813,318760.7541647928,149,763131,135.05083855488814,693736.7541647927
2502,0.4875174417699884,3.9728541851437127,40,206465,38.92842047735782,201270.57756673117,159,721383,157.92842047735783,716188.5775667311,50,251232,41.056340802999344,210644.87131236747,169,766150,160.05634080299933,725562.8713123677
2506,0.1548294619065263,2.5007500512076204,55,272653,48.29544398431837,239743.97899337258,140,681853,133.29544398431835,648943.9789933725,67,335201,51.7776892800754,258222.09140035644,152,744401,136.77768928007538,667422.0914003565
2508,0.09038886120933144,2.5474769152787684,52,230290,45.81906950479043,200108.56197625506,132,588789,125.81906950479039,558607.5619762553,86,391359,55.51440822800274,245806.63843931086,166,749858,135.51440822800274,604305.6384393107
