geoid,carea,cperim,dperim_0.5,dpperim_0.5,dperim_pro_0.5,dpperim_pro_0.5,darea_0.5,dparea_0.5,darea_pro_0.5,dparea_pro_0.5,dperim_0.1,dpperim_0.1,dperim_pro_0.1,dpperim_pro_0.1,darea_0.1,dparea_0.1,darea_pro_0.1,dparea_pro_0.1
0200,282.141098227428,371.8845717981594,105,113255,87.94385309463031,94610.57097155874,506,672119,488.9438530946303,653474.5709715588,132,150070,95.81043822689942,105264.51046544357,533,708934,496.81043822689946,664128.5104654436
