geoid,carea,cperim,dperim_0.5,dpperim_0.5,dperim_pro_0.5,dpperim_pro_0.5,darea_0.5,dparea_0.5,darea_pro_0.5,dparea_pro_0.5,dperim_0.1,dpperim_0.1,dperim_pro_0.1,dpperim_pro_0.1,darea_0.1,dparea_0.1,darea_pro_0.1,dparea_pro_0.1
5600,27.970870022990443,21.983945715934745,26,119618,25.99431871825522,119588.19277046104,132,563626,131.9943187182552,563596.1927704612,26,119618,25.99431871825522,119588.19277046104,132,563626,131.9943187182552,563596.1927704612
