geoid,carea,cperim,dperim_0.5,dpperim_0.5,dperim_pro_0.5,dpperim_pro_0.5,darea_0.5,dparea_0.5,darea_pro_0.5,dparea_pro_0.5,dperim_0.1,dpperim_0.1,dperim_pro_0.1,dpperim_pro_0.1,darea_0.1,dparea_0.1,darea_pro_0.1,dparea_pro_0.1
2804,1.9970003767437277,8.21110602251239,68,97446,64.08072606707502,93247.4577675216,498,726812,494.08072606707503,722613.4577675215,87,116505,69.62361648049077,99676.44372316243,517,745871,499.6236164804908,729042.4437231624
2801,2.718772686231256,9.728201998627844,81,129092,79.40033297311255,126870.5159432579,492,743166,490.40033297311254,740944.515943258,83,131260,79.68485978301135,127178.62546297333,494,745334,490.6848597830113,741252.6254629734
2803,3.1811888150534506,14.31992493821885,110,143139,105.57812904755073,137710.5420737731,551,735522,546.5781290475506,730093.542073773,127,166330,110.22011198888467,145378.01807304777,568,758713,551.2201119888847,737761.0180730477
2802,4.000807587328789,14.973474652441338,86,119822,81.81226589564426,112687.12892113971,605,747115,600.8122658956445,739980.1289211399,95,132474,83.6714928721889,115358.47153504663,614,759767,602.671492872189,742651.4715350467
