geoid,carea,cperim,dperim_0.5,dpperim_0.5,dperim_pro_0.5,dpperim_pro_0.5,darea_0.5,dparea_0.5,darea_pro_0.5,dparea_pro_0.5,dperim_0.1,dpperim_0.1,dperim_pro_0.1,dpperim_pro_0.1,darea_0.1,dparea_0.1,darea_pro_0.1,dparea_pro_0.1
0104,2.3014770132163354,11.125814461858674,100,138177,96.43648250588454,133166.4976603808,544,681496,540.4364825058844,676485.4976603808,113,155212,98.95516160526465,136369.9197262739,557,698531,542.9551616052645,679688.9197262737
0107,2.5551004921104274,12.785781262082947,127,166011,114.66255362873292,149099.32617606767,613,686168,600.6625536287329,669256.3261760675,164,217599,124.75459800430829,163029.71777795046,650,737756,610.754598004308,683186.7177779503
0103,1.9325412634464096,8.850550834385256,82,125611,77.46932777697188,117637.78250741833,464,681163,459.46932777697185,673189.7825074187,90,137346,79.31569746448261,120190.26426363723,472,692898,461.31569746448264,675742.2642636375
0102,2.5342167678324246,10.610639321049854,86,107748,81.35217744454837,102494.26456606337,531,693585,526.3521774445485,688331.2645660634,101,125150,85.10179020113928,106814.65243672271,546,710987,530.1017902011394,692651.6524367228
0105,0.9846246376309845,6.5490316885236,59,86395,57.720405892355885,85055.4124048254,426,683019,424.72040589235587,681679.4124048253,64,92476,58.59361125933574,86002.3214263811,431,689100,425.5936112593357,682626.3214263811
0106,1.0599186654524997,8.148967516778676,93,138370,85.01534960167014,126186.35557177707,421,670751,413.01534960167015,658567.3555717771,119,178171,92.39310908062569,138825.32014504308,447,710552,420.3931090806257,671206.320145043
0101,1.522668318940099,11.590213641160522,74,105333,67.39907733394088,96593.11028934988,432,675726,425.39907733394097,666986.11028935,82,116245,69.59394690754694,100003.1314330426,440,686638,427.59394690754704,670396.1314330426
