geoid,carea,cperim,dperim_0.5,dpperim_0.5,dperim_pro_0.5,dpperim_pro_0.5,darea_0.5,dparea_0.5,darea_pro_0.5,dparea_pro_0.5,dperim_0.1,dpperim_0.1,dperim_pro_0.1,dpperim_pro_0.1,darea_0.1,dparea_0.1,darea_pro_0.1,dparea_pro_0.1
3502,18.046385257122747,23.028296668108588,43,174391,40.484255890115044,164391.13275934625,169,704570,166.484255890115,694570.1327593462,46,184676,41.27972492649959,167061.0915749932,172,714855,167.27972492649957,697240.0915749931
3501,1.1782811119939955,7.071308119671819,20,103070,18.41428891668837,95501.8124300114,157,681875,155.41428891668835,674306.8124300115,28,140278,20.55387335188134,105668.72041450023,165,719083,157.55387335188132,684473.7204145002
3503,11.670547204624896,19.414016159755835,47,190091,45.55927072414575,184044.88528740365,173,672734,171.55927072414576,666687.8852874035,54,216232,47.42721410079154,191069.65975450142,180,698875,173.42721410079153,673712.6597545013
