geoid,carea,cperim,dperim_0.5,dpperim_0.5,dperim_pro_0.5,dpperim_pro_0.5,darea_0.5,dparea_0.5,darea_pro_0.5,dparea_pro_0.5,dperim_0.1,dpperim_0.1,dperim_pro_0.1,dpperim_pro_0.1,darea_0.1,dparea_0.1,darea_pro_0.1,dparea_pro_0.1
2407,0.14025181816350257,3.1931766148021308,99,136504,84.95862587114186,119286.42350737833,694,785049,679.9586258711421,767831.4235073786,152,212341,100.4501292505089,141543.4240766219,747,860886,695.4501292505091,790088.4240766224
2405,0.4347732642338712,4.2834037539458,108,190806,92.03922832709917,164072.19936130015,397,717560,381.03922832709895,690826.1993613001,139,252571,101.40838013811533,182789.4038428808,428,779325,390.40838013811515,709543.4038428809
2404,0.08356285813183566,2.5249085631037276,96,174192,81.1584392298678,145675.5716934857,436,721328,421.15843922986767,692811.571693486,147,266899,96.2949121305986,172826.7244943292,487,814035,436.2949121305986,719962.7244943295
2403,0.07841051113488813,4.2190556947520195,180,280505,150.1112540064868,233875.59839355844,383,578701,353.1112540064871,532071.5983935586,264,405912,174.4261547603814,270104.00191262906,467,704108,377.4261547603815,568300.0019126293
2406,0.5363913974547213,7.6294228050292405,105,162197,95.62017989301205,146046.53992810182,434,687226,424.62017989301194,671075.5399281019,130,201245,102.839279541208,157302.12674507537,459,726274,431.83927954120804,682331.1267450753
2408,0.2423112861005692,4.573985829831908,100,150656,86.81984210253167,130847.38878353391,563,800578,549.8198421025318,780769.3887835342,137,214184,97.03364416485793,147939.09436076216,600,864106,560.033644164858,797861.094360762
2401,1.1895862359784208,13.597862165415528,144,202682,127.50808029889974,180639.70138929566,494,718857,477.5080802989,696814.701389296,169,238899,135.71556991227172,192018.0896355368,519,755074,485.715569912272,708193.0896355369
2402,0.11144232804130647,3.740205198252909,134,213819,114.15268720568353,181309.2720760304,503,756755,483.15268720568366,724245.2720760306,179,276778,126.94046844415789,199005.15169115062,548,819714,495.94046844415806,741941.1516911506
