geoid,carea,cperim,dperim_0.5,dpperim_0.5,dperim_pro_0.5,dpperim_pro_0.5,darea_0.5,dparea_0.5,darea_pro_0.5,dparea_pro_0.5,dperim_0.1,dpperim_0.1,dperim_pro_0.1,dpperim_pro_0.1,darea_0.1,dparea_0.1,darea_pro_0.1,dparea_pro_0.1
2105,2.9956166005530815,10.58294198803887,90,105629,86.81120605045945,101848.5167936954,608,722327,604.8112060504594,718546.5167936953,97,115521,88.57622617287777,104274.94591268366,615,732219,606.5762261728778,720972.9459126834
2103,0.08879420599487209,1.440689971408666,27,48528,23.730264140268638,42658.77337272267,558,713682,554.7302641402684,707812.7733727226,37,65248,26.807331571622246,47988.33378145791,568,730402,557.8073315716221,713142.3337814579
2101,3.2974407350705337,16.980618684650132,119,136524,116.76883122954295,133979.47473983557,595,722765,592.768831229543,720220.4747398357,125,145425,117.91747258928783,135602.00246648406,601,731666,593.9174725892879,721843.0024664843
2102,1.9326595032793,12.023479400458559,96,130754,90.9899679751982,123621.67069671738,509,720951,503.989967975198,713818.6706967176,111,157237,94.67123506497799,131005.34613087155,524,747434,507.6712350649778,721202.3461308718
2104,1.2155500695400396,9.373576511281627,112,158392,104.90819879754119,146300.09740879672,476,711359,468.9081987975414,699267.0974087968,136,192758,110.36916902688763,154363.74894551828,500,745725,474.36916902688785,707330.7489455183
2106,1.1429765478819989,7.0981329970323905,52,73772,48.78461220963143,68873.14405932695,517,727055,513.7846122096314,722156.1440593271,57,81855,49.91667748196,70570.1947380363,522,735138,514.91667748196,723853.1947380364
