geoid,carea,cperim,dperim_0.5,dpperim_0.5,dperim_pro_0.5,dpperim_pro_0.5,darea_0.5,dparea_0.5,darea_pro_0.5,dparea_pro_0.5,dperim_0.1,dpperim_0.1,dperim_pro_0.1,dpperim_pro_0.1,darea_0.1,dparea_0.1,darea_pro_0.1,dparea_pro_0.1
4005,0.5377321486169983,4.720269333919111,45,175690,43.58225609658923,169491.37181943792,246,754523,244.58225609658925,748324.3718194381,46,182239,43.91525114828414,171672.15641298788,247,761072,244.91525114828417,750505.1564129881
4003,8.930925320840544,20.533149425896845,62,227462,61.66522378842102,225890.3498779257,197,751582,196.6652237884211,750010.3498779256,64,234762,61.91892871345932,226765.70223621305,199,758882,196.91892871345937,750885.7022362129
4002,5.5805911327964095,13.980817452486825,59,224833,58.297419930192405,222028.84333406642,196,752598,195.2974199301924,749793.8433340666,62,236469,58.86318786819514,224202.78976042633,199,764234,195.86318786819513,751967.7897604265
4001,0.43815518440450657,4.676637062175742,33,128130,32.07085311661152,124540.12403971943,215,746267,214.07085311661152,742677.1240397195,36,140195,32.61948356940602,126966.95332966783,218,758332,214.61948356940601,745103.9533296679
4004,2.5318300291906093,9.896248180729625,41,157157,40.234617706380405,153794.7404538289,192,746381,191.23461770638045,743018.7404538288,44,172321,41.1256164809046,158333.00698757294,195,761545,192.12561648090465,747557.0069875729
