geoid,carea,cperim,dperim_0.5,dpperim_0.5,dperim_pro_0.5,dpperim_pro_0.5,darea_0.5,dparea_0.5,darea_pro_0.5,dparea_pro_0.5,dperim_0.1,dpperim_0.1,dperim_pro_0.1,dpperim_pro_0.1,darea_0.1,dparea_0.1,darea_pro_0.1,dparea_pro_0.1
1198,0.01799003549250096,0.6173963105996476,54,76044,52.004637291973545,73345.9356050779,450,601723,448.0046372919735,599024.9356050779,54,76044,52.004637291973545,73345.9356050779,450,601723,448.0046372919735,599024.9356050779
