geoid,carea,cperim,dperim_0.5,dpperim_0.5,dperim_pro_0.5,dpperim_pro_0.5,darea_0.5,dparea_0.5,darea_pro_0.5,dparea_pro_0.5,dperim_0.1,dpperim_0.1,dperim_pro_0.1,dpperim_pro_0.1,darea_0.1,dparea_0.1,darea_pro_0.1,dparea_pro_0.1
5000,2.8042933231648797,8.363358455707305,49,173194,48.05801238464174,169622.05434527824,184,625741,183.0580123846417,622169.0543452783,49,173194,48.05801238464174,169622.05434527824,184,625741,183.0580123846417,622169.0543452783
