geoid,carea,cperim,dperim_0.5,dpperim_0.5,dperim_pro_0.5,dpperim_pro_0.5,darea_0.5,dparea_0.5,darea_pro_0.5,dparea_pro_0.5,dperim_0.1,dpperim_0.1,dperim_pro_0.1,dpperim_pro_0.1,darea_0.1,dparea_0.1,darea_pro_0.1,dparea_pro_0.1
2302,8.72348484045915,21.700489262138472,118,136850,108.59096006815506,125978.5404205415,549,652363,539.5909600681548,641491.5404205411,140,156842,115.11957942945168,131928.93223300175,571,672355,546.1195794294515,647441.9322330013
2301,1.0426960313406382,10.655197931605954,123,147653,110.62187667363031,135595.32610640326,489,644976,476.6218766736302,632918.3261064031,151,167281,119.09172103821106,141780.34750604912,517,664604,485.0917210382109,639103.347506049
