geoid,carea,cperim,dperim_0.5,dpperim_0.5,dperim_pro_0.5,dpperim_pro_0.5,darea_0.5,dparea_0.5,darea_pro_0.5,dparea_pro_0.5,dperim_0.1,dpperim_0.1,dperim_pro_0.1,dpperim_pro_0.1,darea_0.1,dparea_0.1,darea_pro_0.1,dparea_pro_0.1
0806,0.12172167028200122,2.840809952621552,41,185085,34.496660482966476,157524.312159714,150,616303,143.4966604829665,588742.3121597139,56,263198,39.41085417749591,182379.89262484998,165,694416,148.4108541774959,613597.8926248499
0805,1.9546739165250007,7.461669449866126,21,96271,20.73572991338052,95289.6706491758,159,720865,158.73572991338054,719883.6706491758,22,101858,20.940345578881146,96432.8583723278,160,726452,158.94034557888116,721026.8583723279
0803,13.40380398702047,20.736352895406636,39,126652,37.943610424562216,122738.4256408372,192,719669,190.94361042456217,715755.4256408372,40,128050,38.058628733450874,122899.22123666355,193,721067,191.05862873345083,715916.2212366635
0804,10.322613864198926,17.95300829208465,54,200480,51.42215887701325,187834.6469095566,205,758719,202.42215887701326,746073.6469095566,62,234708,53.55574006032843,196717.73532082973,213,792947,204.5557400603284,754956.7353208297
0801,0.05396134340449871,1.7081337542636559,40,190196,32.72327080567904,154818.5582022899,186,761819,178.72327080567905,726441.55820229,60,271613,38.100774177822,176480.85052775568,206,843236,184.100774177822,748103.8505277558
0807,0.09391552397799958,1.877791247663085,35,142123,29.818825685325862,119141.38817842201,176,721623,170.81882568532583,698641.388178422,54,238713,35.037994214361824,146012.93322309185,195,818213,176.0379942143618,725512.933223092
0802,2.089376125575372,8.977347301603162,43,211071,40.5425797682621,199920.62430573447,181,730198,178.5425797682621,719047.6243057343,57,270824,44.99731963314605,219372.25692852444,195,789951,182.99731963314605,738499.2569285242
