geoid,carea,cperim,dperim_0.5,dpperim_0.5,dperim_pro_0.5,dpperim_pro_0.5,darea_0.5,dparea_0.5,darea_pro_0.5,dparea_pro_0.5,dperim_0.1,dpperim_0.1,dperim_pro_0.1,dpperim_pro_0.1,darea_0.1,dparea_0.1,darea_pro_0.1,dparea_pro_0.1
4002,5.5805911327964095,13.980817452486825,90,129517,88.36975191966418,126459.35791605094,602,752598,600.3697519196643,749540.3579160508,93,135741,89.13010471159562,128077.23878122012,605,758822,601.1301047115957,751158.2387812199
4005,0.5377321486169983,4.720269333919111,74,95427,72.10192255003211,93160.23596536068,685,748777,683.1019225500321,746510.2359653608,81,104485,74.60344896357766,96482.21718678519,692,757835,685.6034489635778,749832.2171867853
4003,8.930925320840544,20.533149425896845,89,124501,88.69749478035956,124072.07925737111,594,748113,593.6974947803595,747684.0792573708,96,137648,90.3376506988914,127150.99502389607,601,761260,595.3376506988914,750762.9950238959
4004,2.5318300291906093,9.896248180729625,72,102820,68.8992856130933,98699.64801904101,562,752127,558.8992856130933,748006.6480190409,75,106137,69.31643272990642,99141.16664818191,565,755444,559.3164327299064,748448.166648182
4001,0.43815518440450657,4.676637062175742,54,83418,51.865721187700174,79179.60375856707,522,749736,519.8657211877002,745497.6037585671,59,92452,52.87839624330349,81152.0075428794,527,758770,520.8783962433035,747470.0075428796
