geoid,carea,cperim,dperim_0.5,dpperim_0.5,dperim_pro_0.5,dpperim_pro_0.5,darea_0.5,dparea_0.5,darea_pro_0.5,dparea_pro_0.5,dperim_0.1,dpperim_0.1,dperim_pro_0.1,dpperim_pro_0.1,darea_0.1,dparea_0.1,darea_pro_0.1,dparea_pro_0.1
5502,1.3170469570349024,5.794305214690622,26,114052,25.09830340478848,108816.07721093355,159,713485,158.09830340478848,708249.0772109334,32,142572,26.461360286823798,116000.20551573212,165,742005,159.4613602868238,715433.205515732
5506,1.5062123398248384,8.674074648055282,74,332861,68.47954446744114,309991.44497715705,161,698569,155.4795444674411,675699.4449771568,79,353640,69.97388261305113,316254.10475616046,166,719348,156.97388261305113,681962.10475616
5503,3.317339227300547,14.427389861121918,65,273959,60.774540324927976,254362.71988229814,161,718896,156.77454032492798,699299.719882298,68,286089,61.49669740113175,257402.4342524038,164,731026,157.49669740113174,702339.4342524036
5507,7.1685303705132695,18.279630227030275,57,225662,54.669117998560985,216890.08262775058,185,703152,182.66911799856095,694380.0826277506,71,293360,58.087711470462274,232758.01431273427,199,770850,186.08771147046224,710248.0143127346
5508,2.0717531382483863,11.399159690698156,48,205294,44.74421647882774,192564.4706181225,161,687916,157.7442164788277,675186.4706181224,55,230383,47.1641666007675,201805.499523515,168,713005,160.16416660076743,684427.499523515
5504,0.03472491024371921,1.19620578606219,45,167491,38.01344201162909,142670.84293492208,221,664382,214.01344201162908,639561.8429349221,53,187190,41.09333695122643,150814.78161106372,229,684081,217.09333695122643,647705.7816110639
5501,0.5065792405740255,3.6135981718783814,50,241573,42.43736652784971,207963.3161499718,155,721676,147.43736652784963,688066.3161499714,60,289337,45.55389577699557,222264.69331346767,165,769440,150.5538957769955,702367.6933134674
5505,0.5644702853119961,4.071324369011838,49,200308,45.9653113116798,187657.99687982159,177,732267,173.96531131167978,719616.9968798216,68,281532,51.349472618779416,209973.3024488206,196,813491,179.34947261877934,741932.3024488209
