geoid,carea,cperim,dperim_0.5,dpperim_0.5,dperim_pro_0.5,dpperim_pro_0.5,darea_0.5,dparea_0.5,darea_pro_0.5,dparea_pro_0.5,dperim_0.1,dpperim_0.1,dperim_pro_0.1,dpperim_pro_0.1,darea_0.1,dparea_0.1,darea_pro_0.1,dparea_pro_0.1
4600,22.583844917250513,22.78648094894337,50,173615,49.81373795843039,172968.3446559575,222,814180,221.81373795843035,813533.3446559574,50,173615,49.81373795843039,172968.3446559575,222,814180,221.81373795843035,813533.3446559574
