geoid,carea,cperim,dperim_0.5,dpperim_0.5,dperim_pro_0.5,dpperim_pro_0.5,darea_0.5,dparea_0.5,darea_pro_0.5,dparea_pro_0.5,dperim_0.1,dpperim_0.1,dperim_pro_0.1,dpperim_pro_0.1,darea_0.1,dparea_0.1,darea_pro_0.1,dparea_pro_0.1
3301,0.765197274249077,6.311938053351173,54,243440,50.37824942673659,228811.34809147488,149,657449,145.37824942673655,642820.3480914749,64,301411,52.711408250844656,242070.67965047553,159,715420,147.71140825084464,656079.6796504755
3302,1.9104192337357313,10.596215442668209,67,320713,64.19409826831148,305705.78814686823,144,653723,141.1940982683115,638715.7881468686,70,334099,64.97094214977761,309291.5006100101,147,667109,141.97094214977767,642301.5006100105
