geoid,carea,cperim,dperim_0.5,dpperim_0.5,dperim_pro_0.5,dpperim_pro_0.5,darea_0.5,dparea_0.5,darea_pro_0.5,dparea_pro_0.5,dperim_0.1,dpperim_0.1,dperim_pro_0.1,dpperim_pro_0.1,darea_0.1,dparea_0.1,darea_pro_0.1,dparea_pro_0.1
1601,11.879079658067614,24.607273336630765,45,221054,43.52550127078729,213204.38225204402,137,784346,135.52550127078726,776496.382252044,49,246427,44.46275118417086,218673.27638614894,141,809719,136.46275118417083,781965.276386149
1602,12.57921591312243,19.626905781441955,26,116933,24.98436571687338,111115.70796235319,161,783236,159.9843657168734,777418.7079623531,32,145011,26.216745601336658,117560.1297890313,167,811314,161.21674560133667,783863.1297890312
