geoid,carea,cperim,dperim_0.5,dpperim_0.5,dperim_pro_0.5,dpperim_pro_0.5,darea_0.5,dparea_0.5,darea_pro_0.5,dparea_pro_0.5,dperim_0.1,dpperim_0.1,dperim_pro_0.1,dpperim_pro_0.1,darea_0.1,dparea_0.1,darea_pro_0.1,dparea_pro_0.1
2905,0.6520274666970014,6.07537597888978,89,123063,81.68045754115072,110346.04912413599,644,746596,636.6804575411506,733879.0491241359,104,148397,86.83626923382376,119082.36889892136,659,771930,641.836269233824,742615.3688989212
2904,3.9297587111029597,13.504800985353752,91,123303,88.63192203253884,120223.66010441983,534,748188,531.6319220325388,745108.6601044199,104,144382,91.3987415711795,124654.35443611594,547,769267,534.3987415711795,749539.3544361162
2902,0.13188613224191595,2.001680669501555,68,121048,57.80579777640716,104220.26821256733,441,754699,430.8057977764073,737871.2682125674,111,192879,70.74733673157365,125323.742021222,484,826530,443.7473367315737,758974.742021222
2908,5.280479162960949,13.19821148274221,90,100707,87.14266608926528,97415.45427899697,635,753638,632.1426660892654,750346.454278997,95,108468,88.01218274929822,98833.33342804942,640,761399,633.0121827492983,751764.3334280496
2906,5.023381424582451,15.471121692175831,105,122591,97.27357209813104,110649.42713558768,605,750271,597.273572098131,738329.427135588,123,150637,102.3027909801847,119423.20063126514,623,778317,602.3027909801847,747103.2006312654
2903,1.8640763854083078,9.039004230348265,115,200087,105.41040334155932,180669.13989795954,439,729610,429.4104033415594,710192.1398979591,141,240405,112.58259383611438,192211.66879143822,465,769928,436.58259383611437,721734.6687914378
2901,0.06456234781427964,1.340435469422551,50,54771,41.040523374784044,44724.85283170063,704,757242,695.0405233747842,747195.8528317006,68,79688,46.18842240634383,51866.32723258322,722,782159,700.188422406344,754337.3272325832
2907,1.6716990443400401,6.584742687757541,47,65284,46.689723296549204,64852.607052711726,504,748683,503.6897232965493,748251.6070527118,49,67825,47.64071989956827,66081.35124580916,506,751224,504.6407198995684,749480.3512458092
