geoid,carea,cperim,dperim_0.5,dpperim_0.5,dperim_pro_0.5,dpperim_pro_0.5,darea_0.5,dparea_0.5,darea_pro_0.5,dparea_pro_0.5,dperim_0.1,dpperim_0.1,dperim_pro_0.1,dpperim_pro_0.1,darea_0.1,dparea_0.1,darea_pro_0.1,dparea_pro_0.1
1808,1.9732422107727463,9.24551345201712,49,186261,48.331087556481855,184140.5169355045,177,718755,176.3310875564819,716634.5169355046,51,193169,48.9573283273238,186285.08685788405,179,725663,176.95732832732384,718779.0868578842
1809,1.2210618053459203,5.991649664945432,42,207347,40.39282184856141,201130.08793175075,154,721329,152.39282184856143,715112.0879317506,43,213086,40.63896254271253,202542.68937548398,155,727068,152.63896254271253,716524.6893754838
1807,0.08505073884950048,1.1698971090027412,19,121139,17.643986427063624,114215.81886483477,183,727600,181.64398642706362,720676.8188648351,28,155254,20.171412532572816,123594.60486919321,192,761715,184.1714125325728,730055.6048691935
1805,0.5259337610005025,3.9690167545718285,36,183793,32.32157025656545,166848.44290426723,145,710579,141.32157025656545,693634.4429042672,44,218666,34.97425181309576,178708.91567469653,153,745452,143.97425181309575,705494.9156746966
1806,1.6924652027604798,6.404977732566582,46,224299,45.122568796895855,220320.56439257294,165,722138,164.12256879689585,718159.5643925731,47,236652,45.22664847440772,221606.260648877,166,734491,164.22664847440774,719445.260648877
1804,1.7575862477129502,6.799416831666748,42,199517,40.636969051487064,193816.55487153277,160,721741,158.63696905148706,716040.5548715327,46,227661,41.65294239965552,200597.2878818164,164,749885,159.6529423996555,722821.2878818164
1802,1.1157767651043893,5.349071734982123,39,177509,38.115418623118664,174101.75302275235,175,715273,174.1154186231187,711865.7530227524,47,213973,40.6871276372336,185064.2947146059,183,751737,176.6871276372336,722828.2947146059
1801,0.32312265644214067,2.8873013954260376,37,159148,31.502891393000958,140910.2877095214,165,720607,159.50289139300097,702369.2877095214,40,166594,32.78133380532973,144052.92539773788,168,728053,160.7813338053297,705511.9253977378
1803,1.1753564801288827,5.061365367156859,36,150903,34.36902075549,144702.85436144538,182,721729,180.36902075548997,715528.8543614453,38,160428,34.59777159385328,145791.0879169641,184,731254,180.59777159385325,716617.0879169641
