geoid,carea,cperim,dperim_0.5,dpperim_0.5,dperim_pro_0.5,dpperim_pro_0.5,darea_0.5,dparea_0.5,darea_pro_0.5,dparea_pro_0.5,dperim_0.1,dpperim_0.1,dperim_pro_0.1,dpperim_pro_0.1,darea_0.1,dparea_0.1,darea_pro_0.1,dparea_pro_0.1
2204,3.1732844358879695,12.70595089758015,95,122394,91.43578514225737,117160.18751735787,594,756927,590.4357851422573,751693.1875173581,105,136174,93.74432128894146,120387.2921659825,604,770707,592.7443212889414,754920.2921659827
2206,1.0663451471418244,10.790710516112487,103,165474,90.40514270544499,145984.72709939224,421,733921,408.4051427054451,714431.7270993923,146,240598,101.82669797689763,166065.92647623332,464,809045,419.82669797689766,734512.9264762334
2205,3.6606881763767243,17.1613069019863,114,167920,108.54081763661125,159064.8667916282,572,756580,566.5408176366112,747724.866791628,128,187506,112.29185167317704,164133.39610231674,586,776166,570.291851673177,752793.3961023164
2202,0.36566454373800555,6.414920486215127,111,156830,94.68405058747568,131440.61542199441,805,777505,788.6840505874758,752115.6154219948,159,226315,108.27247983016991,151598.80165600244,853,846990,802.2724798301696,772273.8016560025
2201,1.4131806200390382,16.485329714592616,101,142788,88.67899261278043,125944.42608205428,543,753058,530.6789926127803,736214.4260820539,137,193226,99.44640572271494,140997.3805611202,579,803496,541.4464057227149,751267.3805611198
2203,1.8955190013145877,9.436000747349242,44,64645,42.2429110128351,62796.15322855098,521,751727,519.2429110128351,749878.1532285511,50,73355,44.11435128836046,65351.558997758104,527,760437,521.1143512883605,752433.5589977583
