geoid,carea,cperim,dperim_0.5,dpperim_0.5,dperim_pro_0.5,dpperim_pro_0.5,darea_0.5,dparea_0.5,darea_pro_0.5,dparea_pro_0.5,dperim_0.1,dpperim_0.1,dperim_pro_0.1,dpperim_pro_0.1,darea_0.1,dparea_0.1,darea_pro_0.1,dparea_pro_0.1
3501,1.1782811119939955,7.071308119671819,39,68186,35.43840227880283,60946.49834056801,457,686795,453.43840227880287,679555.4983405679,51,94562,38.62168787936867,67946.50692518394,469,713171,456.62168787936866,686555.5069251838
3502,18.046385257122747,23.028296668108588,59,93560,56.280521969618285,89730.53669688679,501,691986,498.28052196961823,688156.5366968868,67,105453,58.20194502801731,92611.2260262882,509,703879,500.2019450280173,691037.2260262881
3503,11.670547204624896,19.414016159755835,71,107888,67.92470005711172,100740.07039735933,491,680398,487.9247000571118,673250.0703973592,81,126534,70.77958584859184,106458.31566034816,501,699044,490.7795858485918,678968.3156603482
