geoid,carea,cperim,dperim_0.5,dpperim_0.5,dperim_pro_0.5,dpperim_pro_0.5,darea_0.5,dparea_0.5,darea_pro_0.5,dparea_pro_0.5,dperim_0.1,dpperim_0.1,dperim_pro_0.1,dpperim_pro_0.1,darea_0.1,dparea_0.1,darea_pro_0.1,dparea_pro_0.1
0200,282.141098227428,371.8845717981594,50,154266,41.33751885892963,127040.67192932864,155,647777,146.33751885892963,620551.6719293287,62,216720,45.14704241813716,145739.01496718364,167,710231,150.14704241813718,639250.0149671837
