geoid,carea,cperim,dperim_0.5,dpperim_0.5,dperim_pro_0.5,dpperim_pro_0.5,darea_0.5,dparea_0.5,darea_pro_0.5,dparea_pro_0.5,dperim_0.1,dpperim_0.1,dperim_pro_0.1,dpperim_pro_0.1,darea_0.1,dparea_0.1,darea_pro_0.1,dparea_pro_0.1
1502,1.3940987561996376,13.301644240971722,90,433517,78.25532018507785,377443.5437983551,140,655419,128.2553201850778,599345.543798355,98,463518,80.73075792688736,386630.48246638814,148,685420,130.73075792688732,608532.4824663881
1501,0.04793185687155117,1.376292051607147,44,167741,38.292513095639805,151248.933967451,172,666023,166.29251309563983,649530.933967451,52,189976,40.852951041188646,157259.8635585603,180,688258,168.85295104118867,655541.8635585601
