geoid,carea,cperim,dperim_0.5,dpperim_0.5,dperim_pro_0.5,dpperim_pro_0.5,darea_0.5,dparea_0.5,darea_pro_0.5,dparea_pro_0.5,dperim_0.1,dpperim_0.1,dperim_pro_0.1,dpperim_pro_0.1,darea_0.1,dparea_0.1,darea_pro_0.1,dparea_pro_0.1
5600,27.970870022990443,21.983945715934745,37,53830,36.98806379086391,53811.64449494877,410,563626,409.98806379086386,563607.6444949487,37,53830,36.98806379086391,53811.64449494877,410,563626,409.98806379086386,563607.6444949487
