geoid,carea,cperim,dperim_0.5,dpperim_0.5,dperim_pro_0.5,dpperim_pro_0.5,darea_0.5,dparea_0.5,darea_pro_0.5,dparea_pro_0.5,dperim_0.1,dpperim_0.1,dperim_pro_0.1,dpperim_pro_0.1,darea_0.1,dparea_0.1,darea_pro_0.1,dparea_pro_0.1
4506,2.0923880249600533,13.466590390125067,149,221192,130.4514921915602,194124.64500999506,530,674948,511.45149219156053,647880.6450099949,207,310701,144.64343378640635,216051.34166373013,588,764457,525.6434337864065,669807.34166373
4501,0.459108653672377,7.560230818970959,88,141801,80.16967143821435,130751.58481799954,369,637665,361.1696714382144,626615.5848179999,116,185962,87.14227391996143,142070.7020994704,397,681826,368.1422739199613,637934.7020994707
4504,0.33879999279379036,3.336846870287371,45,79878,42.876619092052024,74951.62701032055,406,653168,403.87661909205195,648241.6270103205,55,102707,46.312657155431495,83310.18211391533,416,675997,407.3126571554314,656600.1821139153
4505,1.4305869964302664,7.974126363359842,90,162181,85.24318014603334,154772.44827721184,427,668487,422.24318014603324,661078.4482772119,109,190549,89.550475296046,161092.03525198865,446,696855,426.5504752960459,667398.0352519889
4503,1.3857414963741455,6.085854029587488,67,106457,63.63023283384141,98897.06483035328,456,668618,452.6302328338415,661058.0648303533,75,122149,65.76926955512887,103065.46476092105,464,684310,454.7692695551289,665226.4647609211
4507,1.3815569803316092,6.948527096919632,71,89664,68.93122766151112,87279.99190199269,458,660781,455.93122766151123,658396.9919019929,75,93192,70.32450302308398,88495.91894250317,462,664309,457.324503023084,659612.9189425034
4502,0.7797499212629392,5.984962159614241,88,145223,78.40263159605985,131503.30721587484,404,654407,394.4026315960598,640687.307215875,114,189804,85.46821142572908,143392.41593848568,430,698988,401.46821142572907,652576.4159384858
