geoid,carea,cperim,dperim_0.5,dpperim_0.5,dperim_pro_0.5,dpperim_pro_0.5,darea_0.5,dparea_0.5,darea_pro_0.5,dparea_pro_0.5,dperim_0.1,dpperim_0.1,dperim_pro_0.1,dpperim_pro_0.1,darea_0.1,dparea_0.1,darea_pro_0.1,dparea_pro_0.1
4102,20.35501938940935,22.082826461917787,78,91050,76.15059375146777,88885.3697788533,571,764928,569.1505937514677,762763.3697788534,80,94860,76.84496336543789,89974.62404833887,573,768738,569.8449633654378,763852.624048339
4103,0.3294214914979731,3.429718491318777,43,74494,36.630214798955464,62246.967081811206,534,766662,527.6302147989554,754414.967081811,58,95776,40.41552027970839,67862.92636569454,549,787944,531.4155202797084,760030.9263656944
4104,5.022065509168996,11.112864244256022,58,67320,53.90256575258541,62515.47044808394,579,763720,574.9025657525854,758915.4704480837,66,78526,56.52293096316266,65901.26159959023,587,774926,577.5229309631626,762301.26159959
4105,1.553779299487171,10.5988856596699,94,128064,87.12731529070035,118153.14377263741,470,760581,463.12731529070044,750670.1437726376,110,154159,91.5337904867226,125596.1620305637,486,786676,467.5337904867227,758113.1620305639
4101,0.9238138600750416,6.038813485202389,65,84928,59.93696732859083,79549.22271831188,463,766791,457.9369673285909,761412.2227183118,80,107712,65.07146558717093,86648.84937142907,478,789575,463.0714655871711,768511.849371429
