geoid,carea,cperim,dperim_0.5,dpperim_0.5,dperim_pro_0.5,dpperim_pro_0.5,darea_0.5,dparea_0.5,darea_pro_0.5,dparea_pro_0.5,dperim_0.1,dpperim_0.1,dperim_pro_0.1,dpperim_pro_0.1,darea_0.1,dparea_0.1,darea_pro_0.1,dparea_pro_0.1
2802,4.000807587328789,14.973474652441338,51,231388,48.497408251549864,219497.16417228148,192,750433,189.49740825154987,738542.1641722813,55,247434,49.74533694723609,224082.20071385687,196,766479,190.7453369472361,743127.2007138568
2801,2.718772686231256,9.728201998627844,48,231228,47.86484486055554,230659.36319917758,160,738676,159.86484486055554,738107.3631991777,50,246072,48.58253710845253,235956.74538541387,162,753520,160.5825371084525,743404.745385414
2803,3.1811888150534506,14.31992493821885,58,287941,54.76211571515822,272852.763197519,158,738450,154.76211571515822,723361.763197519,63,315229,56.52248546814084,281981.3476871055,163,765738,156.52248546814084,732490.3476871055
2804,1.9970003767437277,8.21110602251239,39,208795,35.11190703091022,191506.20133965943,145,728558,141.11190703091023,711269.2013396594,47,227881,37.67621637639878,197780.12654356007,153,747644,143.67621637639877,717543.1265435601
