geoid,carea,cperim,dperim_0.5,dpperim_0.5,dperim_pro_0.5,dpperim_pro_0.5,darea_0.5,dparea_0.5,darea_pro_0.5,dparea_pro_0.5,dperim_0.1,dpperim_0.1,dperim_pro_0.1,dpperim_pro_0.1,darea_0.1,dparea_0.1,darea_pro_0.1,dparea_pro_0.1
5507,7.1685303705132695,18.279630227030275,100,133951,92.57597688811246,123711.63588485964,602,717967,594.5759768881125,707727.6358848596,118,154360,97.77156871431687,129717.88221920641,620,738376,599.7715687143169,713733.8822192064
5502,1.3170469570349024,5.794305214690622,44,62034,42.033943152456295,58911.29991629043,477,713090,475.0339431524564,709967.2999162904,56,78078,45.26452134316325,63668.39402443894,489,729134,478.26452134316344,714724.394024439
5503,3.317339227300547,14.427389861121918,118,145792,111.55524331629114,137806.5646999864,550,702384,543.5552433162912,694398.5646999865,133,167710,115.85052000905432,144526.06508539827,565,724302,547.8505200090544,701118.0650853984
5508,2.0717531382483863,11.399159690698156,83,105845,78.05767987858728,99601.04385026883,515,690688,510.0576798785872,684444.0438502689,98,127655,82.93061122563792,107012.3255171535,530,712498,514.9306112256379,691855.3255171537
5506,1.5062123398248384,8.674074648055282,105,147038,96.84605278383589,135111.95630073547,538,695446,529.846052783836,683519.9563007357,117,161696,100.6263072199976,139674.9144763124,550,710104,533.6263072199976,688082.9144763128
5505,0.5644702853119961,4.071324369011838,81,107939,73.11097968582544,98831.24504546536,586,743301,578.1109796858254,734193.2450454653,119,160248,82.91800596761031,112842.97298599793,624,795610,587.9180059676105,748204.9729859979
5504,0.03472491024371921,1.19620578606219,69,87301,60.2851295856289,76530.08554988171,620,661296,611.2851295856289,650525.0855498816,91,108048,67.201087009522,83419.09190898603,642,682043,618.2010870095216,657414.0919089859
5501,0.5065792405740255,3.6135981718783814,74,101530,63.03013080360057,85069.86997684931,545,715032,534.0301308036006,698571.8699768493,104,140413,71.85833797037664,95933.68888323464,575,753915,542.8583379703765,709435.6888832345
