geoid,carea,cperim,dperim_0.5,dpperim_0.5,dperim_pro_0.5,dpperim_pro_0.5,darea_0.5,dparea_0.5,darea_pro_0.5,dparea_pro_0.5,dperim_0.1,dpperim_0.1,dperim_pro_0.1,dpperim_pro_0.1,darea_0.1,dparea_0.1,darea_pro_0.1,dparea_pro_0.1
3203,0.7455788972064799,4.260258980218198,22,93928,18.63743138385617,81776.5350562072,166,695187,162.63743138385615,683035.5350562072,30,131981,20.584268596723938,91209.29066052548,174,733240,164.58426859672392,692468.2906605254
3202,15.536038541264114,18.476894208030668,22,61826,21.335857747345738,58874.13300140949,181,680318,180.33585774734578,677366.1330014096,22,61826,21.335857747345738,58874.13300140949,181,680318,180.33585774734578,677366.1330014096
3204,13.62467012580657,17.49519872918495,33,128130,30.126048400843636,114897.21180093054,165,670262,162.12604840084364,657029.2118009304,46,180700,33.42390777654359,128934.33281884882,178,722832,165.4239077765436,671066.3328188488
3201,0.02659851529100068,0.732212541681054,36,144697,32.70273321296245,130347.96621234628,175,654784,171.70273321296244,640434.9662123462,49,196156,36.543394062822536,145381.05000805247,188,706243,175.5433940628225,655468.0500080524
