geoid,carea,cperim,dperim_0.5,dpperim_0.5,dperim_pro_0.5,dpperim_pro_0.5,darea_0.5,dparea_0.5,darea_pro_0.5,dparea_pro_0.5,dperim_0.1,dpperim_0.1,dperim_pro_0.1,dpperim_pro_0.1,darea_0.1,dparea_0.1,darea_pro_0.1,dparea_pro_0.1
3800,21.840262133138403,20.73537496804534,52,158753,49.8053939215859,150591.57999454063,201,660469,198.80539392158587,652307.5799945405,54,167091,50.62075233828274,154073.18479218532,203,668807,199.62075233828273,655789.1847921852
