geoid,carea,cperim,dperim_0.5,dpperim_0.5,dperim_pro_0.5,dpperim_pro_0.5,darea_0.5,dparea_0.5,darea_pro_0.5,dparea_pro_0.5,dperim_0.1,dpperim_0.1,dperim_pro_0.1,dpperim_pro_0.1,darea_0.1,dparea_0.1,darea_pro_0.1,dparea_pro_0.1
2704,0.10797690939010196,1.4530150332134,45,62714,40.947637567502724,57681.05767278835,496,667018,491.94763756750274,661985.0576727883,61,80572,44.85993971972913,62389.63607308916,512,684876,495.85993971972914,666693.6360730889
2702,0.744202331439996,5.31422641210796,59,95941,55.737662641099845,91821.32647414916,378,657311,374.73766264109986,653191.3264741492,72,112909,59.47591770534318,96754.60775181207,391,674279,378.47591770534325,658124.6077518122
2703,0.17427370461750005,2.305379530964247,84,122208,72.97083080015942,108338.33698331231,512,705926,500.9708308001595,692056.3369833125,108,151775,79.1236436236212,116243.36135345521,536,735493,507.12364362362115,699961.3613534553
2705,0.04022222143999925,0.9097198143918697,42,48651,35.77178864707537,40745.786829405406,587,621401,580.7717886470755,613495.7868294053,71,82284,44.217046932950964,50567.56621718094,616,655034,589.217046932951,623317.5662171809
2708,9.273586340576607,18.497963251219787,90,115333,84.89479284856716,109226.12672215288,577,658526,571.8947928485675,652419.1267221526,100,125701,87.9009353451198,112543.5971974694,587,668894,574.9009353451202,655736.5971974691
2707,10.762519917631117,19.755316166496634,117,124116,114.01963226458948,119594.32882819165,614,663718,611.0196322645896,659196.3288281917,123,132282,115.60186587362548,121995.20926867549,620,671884,612.6018658736256,661597.2092686757
2701,3.532094991368465,12.600157423940528,75,80416,73.55020401342544,78517.23133588502,549,664852,547.5502040134255,662953.2313358849,76,81104,73.80504482913237,78692.5618170914,550,665540,547.8050448291324,663128.5618170913
2706,0.8969236941223862,6.758419488673005,86,164700,84.01558178167585,161817.2937956405,385,656474,383.0155817816759,653591.2937956408,95,180637,86.52729740010597,165763.89474656057,394,672411,385.5272974001061,657537.8947465607
