geoid,carea,cperim,dperim_0.5,dpperim_0.5,dperim_pro_0.5,dpperim_pro_0.5,darea_0.5,dparea_0.5,darea_pro_0.5,dparea_pro_0.5,dperim_0.1,dpperim_0.1,dperim_pro_0.1,dpperim_pro_0.1,darea_0.1,dparea_0.1,darea_pro_0.1,dparea_pro_0.1
1198,0.01799003549250096,0.6173963105996476,35,125624,33.97560732312624,122553.41843667085,179,601723,177.9756073231262,598652.4184366708,35,125624,33.97560732312624,122553.41843667085,179,601723,177.9756073231262,598652.4184366708
