geoid,carea,cperim,dperim_0.5,dpperim_0.5,dperim_pro_0.5,dpperim_pro_0.5,darea_0.5,dparea_0.5,darea_pro_0.5,dparea_pro_0.5,dperim_0.1,dpperim_0.1,dperim_pro_0.1,dpperim_pro_0.1,darea_0.1,dparea_0.1,darea_pro_0.1,dparea_pro_0.1
4902,11.050832771496983,17.955833562897922,44,220478,40.56290812774476,201478.0306221759,163,786959,159.5629081277448,767959.0306221759,48,238098,42.017592836411495,208008.4773355668,167,804579,161.01759283641152,774489.4773355668
4903,5.431229503818363,16.570010480161333,37,166980,33.95760581503822,152181.01257753838,167,712436,163.95760581503822,697637.0125775385,50,217551,37.727270661387585,167323.51802525157,180,763007,167.7272706613876,712779.5180252518
4901,5.76054392032124,15.532466858783206,24,97669,23.752139309078164,95995.07907055206,145,680128,144.75213930907816,678454.0790705521,26,106092,24.218423972931255,97983.14614295361,147,688551,145.21842397293125,680442.1461429538
4904,0.7316925832684984,5.33606528750598,34,154436,28.016916351715896,128508.27406068619,113,584362,107.0169163517159,558434.2740606861,51,247939,33.16171447924617,156140.21504849178,130,677865,112.16171447924617,586066.2150484918
