geoid,carea,cperim,dperim_0.5,dpperim_0.5,dperim_pro_0.5,dpperim_pro_0.5,darea_0.5,dparea_0.5,darea_pro_0.5,dparea_pro_0.5,dperim_0.1,dpperim_0.1,dperim_pro_0.1,dpperim_pro_0.1,darea_0.1,dparea_0.1,darea_pro_0.1,dparea_pro_0.1
0905,0.3529125432699901,3.9727179472327885,67,283284,60.33094149954987,254701.893066342,167,686196,160.33094149954985,657613.893066342,83,358493,64.50481061699112,274693.3770988677,183,761405,164.5048106169911,677605.3770988678
0901,0.19743468714757834,3.189675827694504,53,232845,48.35420727403453,213936.24377852646,185,738184,180.3542072740346,719275.2437785263,73,313968,54.025258531988584,237822.7579209237,205,819307,186.02525853198867,743161.7579209239
0902,0.5734778197628531,3.8841282798325194,46,215557,41.13937040784328,194279.43195203788,156,716677,151.1393704078433,695399.431952038,52,236095,42.43260302155337,199184.88227106354,162,737215,152.43260302155338,700304.8822710636
0904,0.13335911280741508,2.307370807216809,44,200736,39.020840950998696,180010.88456166425,164,708337,159.02084095099863,687611.8845616643,51,224732,40.802085149838376,185500.75974394457,171,732333,160.80208514983832,693101.7597439446
0903,0.1387194304767501,2.3591427705943535,47,234998,39.88573645701659,202404.58566739253,152,711487,144.8857364570166,678893.5856673926,62,300968,43.78485076773826,219405.8372878233,167,777457,148.78485076773828,695894.8372878234
