geoid,carea,cperim,dperim_0.5,dpperim_0.5,dperim_pro_0.5,dpperim_pro_0.5,darea_0.5,dparea_0.5,darea_pro_0.5,dparea_pro_0.5,dperim_0.1,dpperim_0.1,dperim_pro_0.1,dpperim_pro_0.1,darea_0.1,dparea_0.1,darea_pro_0.1,dparea_pro_0.1
4901,5.76054392032124,15.532466858783206,38,51956,36.80742518463891,49519.34021104557,432,689723,430.80742518463893,687286.3402110453,40,55192,37.39371277592571,50473.23780833526,434,692959,431.39371277592574,688240.2378083351
4903,5.431229503818363,16.570010480161333,60,92854,52.646108960246096,81421.78524737577,474,718315,466.64610896024607,706882.7852473755,83,123170,59.296579526102406,90503.39217062596,497,748631,473.2965795261024,715964.3921706256
4902,11.050832771496983,17.955833562897922,65,126493,58.847851002473334,112927.27702469137,464,776889,457.84785100247325,763323.2770246912,77,147501,62.056996216605846,118230.37234734964,476,797897,461.05699621660574,768626.3723473495
4904,0.7316925832684984,5.33606528750598,64,102408,54.43462090775595,88346.59298546812,320,578958,310.4346209077559,564896.592985468,101,169990,65.64771574738239,109801.05267634735,357,646540,321.6477157473824,586351.0526763473
