geoid,carea,cperim,dperim_0.5,dpperim_0.5,dperim_pro_0.5,dpperim_pro_0.5,darea_0.5,dparea_0.5,darea_pro_0.5,dparea_pro_0.5,dperim_0.1,dpperim_0.1,dperim_pro_0.1,dpperim_pro_0.1,darea_0.1,dparea_0.1,darea_pro_0.1,dparea_pro_0.1
4701,1.0962507737745113,6.925060112384294,80,124034,76.25690069389482,117433.06400336792,463,706103,459.2569006938948,699502.0640033683,82,126899,76.85385619018535,118186.65044209058,465,708968,459.8538561901853,700255.6504420909
4706,1.7138589731191323,8.296436041765833,83,147966,80.36807652457713,144070.5193882892,419,705429,416.36807652457725,701533.5193882891,92,164445,81.77861269039339,146696.79892965587,428,721908,417.7786126903935,704159.7989296557
4702,0.6296542287074989,6.617272553776239,63,106063,58.80769543659734,99942.96502748903,419,705981,414.8076954365973,699860.9650274892,80,135701,63.12112050474035,107051.60960136622,436,735619,419.1211205047403,706969.6096013663
4704,1.5665141189025091,9.317249437562468,98,172470,92.08474859904933,161079.21349276608,397,703448,391.0847485990494,692057.2134927661,114,195382,95.12636356921315,165170.9728087535,413,726360,394.12636356921325,696148.9728087536
4709,0.12888235323362995,2.543888541181306,44,79737,37.22040012387905,66849.37073369668,515,695358,508.220400123879,682470.3707336965,60,120540,41.49563237768487,77966.65550857373,531,736161,512.4956323776848,693587.6555085736
4703,1.2115526456164931,9.25996369710408,97,146857,92.5884692353079,140763.0642468331,498,702795,493.5884692353079,696701.0642468329,106,160224,95.89035844649271,145861.4664520643,507,716162,496.89035844649277,701799.4664520641
4708,1.8048346448122126,8.659280817087115,70,114057,64.76735594930038,101808.440111321,479,714792,473.76735594930034,702543.4401113209,92,158380,71.29566696206902,114361.08718171103,501,759115,480.29566696206905,715096.0871817108
4705,0.3312094379504991,3.22811625670701,42,90056,40.40175632216098,86122.21390950239,517,701000,515.401756322161,697066.2139095025,50,106077,42.635521923443605,90658.95685750179,525,717021,517.6355219234437,701602.9568575019
4707,2.4026990181537053,10.253828422915554,99,175324,96.06574759340529,170580.52797275552,418,711199,415.06574759340543,706455.5279727556,109,191540,97.96083690375718,173307.75967708434,428,727415,416.96083690375735,709182.7596770845
