geoid,carea,cperim,dperim_0.5,dpperim_0.5,dperim_pro_0.5,dpperim_pro_0.5,darea_0.5,dparea_0.5,darea_pro_0.5,dparea_pro_0.5,dperim_0.1,dpperim_0.1,dperim_pro_0.1,dpperim_pro_0.1,darea_0.1,dparea_0.1,darea_pro_0.1,dparea_pro_0.1
1808,1.9732422107727463,9.24551345201712,86,97181,83.66950211862007,94848.60265515537,643,720412,640.6695021186199,718079.6026551555,88,99567,84.40922839063496,95730.9920441599,645,722798,641.4092283906348,718961.99204416
1801,0.32312265644214067,2.8873013954260376,50,73470,43.30284436671564,66131.68167021695,487,714900,480.30284436671565,707561.6816702171,59,85520,46.281490664050175,70073.4782408918,496,726950,483.2814906640502,711503.478240892
1802,1.1157767651043893,5.349071734982123,60,88458,57.80982014990717,84477.30640864128,577,722885,574.8098201499071,718904.3064086414,70,103252,60.50639981607966,88357.69481872521,587,737679,577.5063998160796,722784.6948187251
1804,1.7575862477129502,6.799416831666748,77,122456,74.29623143422691,117577.69899126323,523,726525,520.2962314342269,721646.6989912635,80,126905,74.94780711892953,118397.42082570982,526,730974,520.9478071189295,722466.42082571
1805,0.5259337610005025,3.9690167545718285,63,109820,56.29736901473019,97074.3295552088,420,711821,413.2973690147302,699075.3295552089,72,125651,59.1686472840387,102298.82818477173,429,727652,416.1686472840387,704299.8281847719
1806,1.6924652027604798,6.404977732566582,74,104195,71.75584266994916,100749.81725301051,566,721311,563.7558426699491,717865.8172530106,76,113598,72.26946823463487,102940.99030669859,568,730714,564.2694682346348,720056.9903066987
1809,1.2210618053459203,5.991649664945432,71,101188,68.41945472432946,98265.6969563106,495,718734,492.4194547243296,715811.6969563107,79,112666,70.37783346814952,101349.95194962142,503,730212,494.3778334681497,718895.9519496214
1803,1.1753564801288827,5.061365367156859,52,60985,50.12838637492589,59111.2610567186,571,718275,569.1283863749258,716401.2610567188,57,69342,51.13697088657447,60897.39699110992,576,726632,570.1369708865744,718187.3969911102
1807,0.08505073884950048,1.1698971090027412,28,79859,27.128611942535457,77995.2482381229,524,723339,523.1286119425356,721475.248238123,45,108980,32.566410583920984,87637.34197569142,541,752460,528.5664105839211,731117.3419756913
