geoid,carea,cperim,dperim_0.5,dpperim_0.5,dperim_pro_0.5,dpperim_pro_0.5,darea_0.5,dparea_0.5,darea_pro_0.5,dparea_pro_0.5,dperim_0.1,dpperim_0.1,dperim_pro_0.1,dpperim_pro_0.1,darea_0.1,dparea_0.1,darea_pro_0.1,dparea_pro_0.1
4104,5.022065509168996,11.112864244256022,34,144301,32.14382971393071,136368.38665080865,172,771365,170.14382971393073,763432.3866508087,35,149099,32.38830611196419,137541.3844085733,173,776163,170.3883061119642,764605.3844085734
4102,20.35501938940935,22.082826461917787,45,178738,44.47692094616293,176059.1496336889,166,762549,165.47692094616292,759870.1496336889,47,187995,45.03560837321784,178643.37708351295,168,771806,166.03560837321783,762454.3770835128
4101,0.9238138600750416,6.038813485202389,44,197171,41.0519647042117,185803.74229899488,156,771372,153.05196470421168,760004.7422989949,50,222721,42.99985613014776,193180.6160103169,162,796922,154.99985613014772,767381.616010317
4105,1.553779299487171,10.5988856596699,54,231371,49.9802337472054,214209.87888749276,158,761215,153.98023374720538,744053.8788874927,64,277808,52.47286710773274,225499.39041064406,168,807652,156.47286710773272,755343.3904106441
4103,0.3294214914979731,3.429718491318777,26,120078,22.511607377845586,105120.90045032174,174,761447,170.51160737784562,746489.9004503217,37,168636,25.917821969601082,119976.84728954962,185,810005,173.91782196960114,761345.8472895494
