geoid,carea,cperim,dperim_0.5,dpperim_0.5,dperim_pro_0.5,dpperim_pro_0.5,darea_0.5,dparea_0.5,darea_pro_0.5,dparea_pro_0.5,dperim_0.1,dpperim_0.1,dperim_pro_0.1,dpperim_pro_0.1,darea_0.1,dparea_0.1,darea_pro_0.1,dparea_pro_0.1
0802,2.089376125575372,8.977347301603162,71,120100,63.537704035876054,108959.59678927588,513,738921,505.5377040358762,727780.596789276,88,147648,68.9419623863595,117733.91201023725,530,766469,510.94196238635965,736554.9120102373
0805,1.9546739165250007,7.461669449866126,35,55614,34.62209874944681,54996.20622313379,439,719205,438.6220987494469,718587.2062231338,36,57140,34.88477291749944,55397.047003582105,440,720731,438.8847729174995,718988.0470035822
0803,13.40380398702047,20.736352895406636,52,61509,51.001349717501135,60032.75888795773,549,716550,548.0013497175012,715073.7588879575,56,68892,51.560305631680144,61112.7335005327,553,723933,548.5603056316802,716153.7335005325
0804,10.322613864198926,17.95300829208465,73,116768,68.98024488610747,108545.73243767513,522,756977,517.9802448861074,748754.7324376755,83,135187,72.07613232250941,114429.59821246631,532,775396,521.0761323225095,754638.5982124665
0807,0.09391552397799958,1.877791247663085,55,81357,46.01302893360355,67760.47374955699,499,726659,490.01302893360344,713062.4737495572,91,148200,57.14253829361798,86783.62784069986,535,793502,501.142538293618,732085.6278407002
0806,0.12172167028200122,2.840809952621552,62,110054,52.75844554078938,92492.43643027463,405,624323,395.7584455407893,606761.4364302747,91,160095,61.038268425635415,106443.87773177915,434,674364,404.03826842563535,620712.8777317791
0801,0.05396134340449871,1.7081337542636559,67,109288,55.52587061639571,91105.61365998164,605,746561,593.5258706163954,728378.6136599819,104,164591,65.4983534910613,106460.41602223768,642,801864,603.498353491061,743733.416022238
