geoid,carea,cperim,dperim_0.5,dpperim_0.5,dperim_pro_0.5,dpperim_pro_0.5,darea_0.5,dparea_0.5,darea_pro_0.5,dparea_pro_0.5,dperim_0.1,dpperim_0.1,dperim_pro_0.1,dpperim_pro_0.1,darea_0.1,dparea_0.1,darea_pro_0.1,dparea_pro_0.1
3800,21.840262133138403,20.73537496804534,76,94709,72.66301772639864,90549.6069575205,561,660961,557.6630177263984,656801.6069575205,82,101432,74.66039419266009,92835.14001455225,567,667684,559.66039419266,659087.1400145522
