geoid,carea,cperim,dperim_0.5,dpperim_0.5,dperim_pro_0.5,dpperim_pro_0.5,darea_0.5,dparea_0.5,darea_pro_0.5,dparea_pro_0.5,dperim_0.1,dpperim_0.1,dperim_pro_0.1,dpperim_pro_0.1,darea_0.1,dparea_0.1,darea_pro_0.1,dparea_pro_0.1
2904,3.9297587111029597,13.504800985353752,51,227232,49.14531578297246,220358.55545494796,163,752257,161.1453157829725,745383.555454948,55,245846,49.8027830657043,223443.87034716932,167,770871,161.80278306570432,748468.8703471693
2906,5.023381424582451,15.471121692175831,68,245799,64.8031632814271,231900.8004349922,195,738917,191.80316328142712,725018.8004349922,83,317679,68.84360458447092,251725.65005397235,210,810797,195.84360458447097,744843.6500539724
2901,0.06456234781427964,1.340435469422551,35,128999,30.78797670589991,112239.47972752538,198,755488,193.7879767058999,738728.4797275254,45,177673,33.755484033286415,125590.85412468479,208,804162,196.75548403328636,752079.8541246848
2905,0.6520274666970014,6.07537597888978,52,209667,47.16336025439381,186208.46757898573,217,756170,212.16336025439378,732711.467578986,58,241324,48.89901282893285,194986.3293557461,223,787827,213.89901282893283,741489.3293557464
2908,5.280479162960949,13.19821148274221,57,242535,55.32751624067408,234452.4265148256,176,757201,174.32751624067413,749118.4265148259,59,253420,56.081326994372255,238563.74797000902,178,768086,175.08132699437226,753229.7479700092
2902,0.13188613224191595,2.001680669501555,43,208039,35.49199321086163,174126.18559575247,151,766632,143.4919932108616,732719.1855957524,62,287089,40.67236768601717,198207.439502158,170,845682,148.67236768601717,756800.439502158
2907,1.6716990443400401,6.584742687757541,27,147835,26.877072556983467,147297.28625947746,150,748683,149.87707255698348,748145.2862594776,28,152470,27.14942784316599,148559.65301093343,151,753318,150.149427843166,749407.6530109335
2903,1.8640763854083078,9.039004230348265,64,312698,59.77473980900235,290898.056364742,143,713579,138.7747398090023,691779.0563647421,86,403818,66.79828337382207,320584.1382312123,165,804699,145.79828337382202,721465.1382312125
