geoid,carea,cperim,dperim_0.5,dpperim_0.5,dperim_pro_0.5,dpperim_pro_0.5,darea_0.5,dparea_0.5,darea_pro_0.5,dparea_pro_0.5,dperim_0.1,dpperim_0.1,dperim_pro_0.1,dpperim_pro_0.1,darea_0.1,dparea_0.1,darea_pro_0.1,dparea_pro_0.1
2106,1.1429765478819989,7.0981329970323905,32,116682,30.711714605299193,112306.34278330964,190,722413,188.71171460529922,718037.3427833095,34,130643,31.354427589095327,116934.96698080799,192,736374,189.35442758909537,722665.966980808
2102,1.9326595032793,12.023479400458559,62,242296,59.36823480541163,229844.91299161754,175,727459,172.36823480541162,715007.9129916176,67,268677,60.480320412277685,235672.49476810294,180,753840,173.48032041227768,720835.4947681029
2103,0.08879420599487209,1.440689971408666,20,87557,17.88545520419159,77757.63786821846,185,715536,182.88545520419157,705736.6378682186,24,102361,19.286290126586067,83078.57026004927,189,730340,184.28629012658604,711057.5702600493
2105,2.9956166005530815,10.58294198803887,62,229339,60.73090658016377,224147.96132049285,194,726565,192.7309065801638,721373.9613204928,63,232516,60.83277325561554,224471.59174840312,195,729742,192.83277325561556,721697.591748403
2104,1.2155500695400396,9.373576511281627,60,231333,56.90000565317467,218568.18893528177,166,703577,162.9000056531747,690812.1889352822,74,278891,61.269279050312754,233555.63614506932,180,751135,167.2692790503128,705799.6361450697
2101,3.2974407350705337,16.980618684650132,81,275236,79.98803259021507,271569.2187540939,196,722765,194.98803259021503,719098.218754094,83,283362,80.39101014244905,273106.90120084805,198,730891,195.39101014244903,720635.901200848
