geoid,carea,cperim,dperim_0.5,dpperim_0.5,dperim_pro_0.5,dpperim_pro_0.5,darea_0.5,dparea_0.5,darea_pro_0.5,dparea_pro_0.5,dperim_0.1,dpperim_0.1,dperim_pro_0.1,dpperim_pro_0.1,darea_0.1,dparea_0.1,darea_pro_0.1,dparea_pro_0.1
2004,3.7981384469330712,11.12175807746735,40,37808,39.937055865761955,37757.15993065275,563,712939,562.937055865762,712888.1599306528,41,38894,40.283836995433674,38133.76423747624,564,714025,563.2838369954337,713264.7642374764
2002,3.8300580817593697,10.804533262988162,85,109837,81.75052175814461,102828.3770941221,578,712244,574.7505217581444,705235.3770941219,92,116719,83.96259344087174,104893.59885913525,585,719126,576.9625934408716,707300.5988591351
2003,0.20826432445170828,2.059765514092278,31,43898,29.796625932173647,42995.747914694846,544,711658,542.7966259321737,710755.7479146948,34,48361,30.769169405367613,44446.49011658294,547,716121,543.7691694053677,712206.490116583
2001,14.162278063432465,20.884163342040832,73,70049,71.51830729887631,68621.76030202335,664,714684,662.5183072988762,713256.7603020234,73,70049,71.51830729887631,68621.76030202335,664,714684,662.5183072988762,713256.7603020234
