geoid,carea,cperim,dperim_0.5,dpperim_0.5,dperim_pro_0.5,dpperim_pro_0.5,darea_0.5,dparea_0.5,darea_pro_0.5,dparea_pro_0.5,dperim_0.1,dpperim_0.1,dperim_pro_0.1,dpperim_pro_0.1,darea_0.1,dparea_0.1,darea_pro_0.1,dparea_pro_0.1
0502,1.302303999674997,6.976111849077795,32,151914,31.26696496309889,147516.31215337073,168,729192,167.26696496309884,724794.3121533708,32,151914,31.26696496309889,147516.31215337073,168,729192,167.26696496309884,724794.3121533708
0501,5.0767174991469535,19.463873606748827,59,218544,58.288284225088624,216205.7746569075,194,728022,193.28828422508863,725683.7746569074,62,235182,59.0992070355121,220217.82894156704,197,744660,194.0992070355121,729695.828941567
0504,5.762896931493668,14.15087924711117,58,249186,54.79305142481105,233165.15275826238,184,739457,180.7930514248111,723436.1527582626,61,262935,55.8933838513098,238285.22090066536,187,753206,181.89338385130984,728556.2209006655
0503,1.438585165810415,10.119580056126354,44,232949,42.73276534644554,227112.16501615438,140,719247,138.7327653464455,713410.1650161546,51,268430,45.05415177595438,239558.35133348583,147,754728,141.05415177595432,725856.351333486
