geoid,carea,cperim,dperim_0.5,dpperim_0.5,dperim_pro_0.5,dpperim_pro_0.5,darea_0.5,dparea_0.5,darea_pro_0.5,dparea_pro_0.5,dperim_0.1,dpperim_0.1,dperim_pro_0.1,dpperim_pro_0.1,darea_0.1,dparea_0.1,darea_pro_0.1,dparea_pro_0.1
1000,0.5453447554436612,4.27415337521025,73,118493,68.75839275677744,113519.40990816217,569,897489,564.7583927567775,892515.4099081625,76,118938,69.62062003368325,113659.58376480793,572,897934,565.6206200336834,892655.5837648083
