geoid,carea,cperim,dperim_0.5,dpperim_0.5,dperim_pro_0.5,dpperim_pro_0.5,darea_0.5,dparea_0.5,darea_pro_0.5,dparea_pro_0.5,dperim_0.1,dpperim_0.1,dperim_pro_0.1,dpperim_pro_0.1,darea_0.1,dparea_0.1,darea_pro_0.1,dparea_pro_0.1
0504,5.762896931493668,14.15087924711117,95,126215,91.72827810948824,122391.03144673508,593,721206,589.7282781094883,717382.0314467347,108,148238,96.14830554617522,130231.88858158185,606,743229,594.1483055461754,725222.8885815815
0501,5.0767174991469535,19.463873606748827,108,133044,105.27072017205602,129726.06496513066,606,730176,603.2707201720561,726858.0649651311,116,145261,107.32778526048959,132117.22533386745,614,742393,605.3277852604897,729249.225333868
0503,1.438585165810415,10.119580056126354,78,130133,72.70919205274163,121447.81662478682,455,737352,449.7091920527417,728666.8166247867,86,140967,74.73691655307042,124090.16559357107,463,748186,451.7369165530705,731309.165593571
0502,1.302303999674997,6.976111849077795,49,81986,47.71269511448342,79260.81889204006,493,727184,491.71269511448344,724458.8188920399,51,84779,48.312249332333046,80253.57594302122,495,729977,492.31224933233307,725451.5759430212
