geoid,carea,cperim,dperim_0.5,dpperim_0.5,dperim_pro_0.5,dpperim_pro_0.5,darea_0.5,dparea_0.5,darea_pro_0.5,dparea_pro_0.5,dperim_0.1,dpperim_0.1,dperim_pro_0.1,dpperim_pro_0.1,darea_0.1,dparea_0.1,darea_pro_0.1,dparea_pro_0.1
5000,2.8042933231648797,8.363358455707305,72,84422,69.78359676697825,81766.90647162659,519,623252,516.7835967669782,620596.9064716266,74,86177,70.58003326240477,82473.45034279622,521,625007,517.5800332624049,621303.4503427962
