geoid,carea,cperim,dperim_0.5,dpperim_0.5,dperim_pro_0.5,dpperim_pro_0.5,darea_0.5,dparea_0.5,darea_pro_0.5,dparea_pro_0.5,dperim_0.1,dpperim_0.1,dperim_pro_0.1,dpperim_pro_0.1,darea_0.1,dparea_0.1,darea_pro_0.1,dparea_pro_0.1
1902,3.4558680720814974,11.470243529770626,97,106863,95.71479729501924,105387.94503438771,636,757446,634.7147972950193,755970.945034388,100,110249,96.7779148157082,106586.35270197752,639,760832,635.7779148157083,757169.3527019777
1901,3.445584969390882,12.683406442057327,98,97226,97.52588086897252,96753.91627520318,636,761548,635.5258808689724,761075.9162752035,98,97226,97.52588086897252,96753.91627520318,636,761548,635.5258808689724,761075.9162752035
1903,2.4620118749021804,8.147199319915305,55,61664,54.66934465708466,61234.257286482396,595,757827,594.6693446570846,757397.2572864824,57,63411,55.05403693590454,61614.53148214777,597,759574,595.0540369359045,757777.5314821478
1904,6.492665957788493,13.427940266270591,84,81876,82.09049655087995,80132.72048347631,753,760118,751.0904965508798,758374.7204834761,87,84266,82.93495924655652,80767.58797423546,756,762508,751.9349592465564,759009.5879742352
