geoid,carea,cperim,dperim_0.5,dpperim_0.5,dperim_pro_0.5,dpperim_pro_0.5,darea_0.5,dparea_0.5,darea_pro_0.5,dparea_pro_0.5,dperim_0.1,dpperim_0.1,dperim_pro_0.1,dpperim_pro_0.1,darea_0.1,dparea_0.1,darea_pro_0.1,dparea_pro_0.1
4705,0.3312252995129982,3.7600170716511263,47,100931,46.88441286988899,100655.90014121964,518,704381,517.8844128698889,704105.9001412194,49,102849,47.634867845453805,101346.72164993089,520,706299,518.6348678454538,704796.7216499308
4703,1.2169150254757153,11.345109397097975,104,158398,102.27016864193266,155435.23448759128,500,706836,498.2701686419327,703873.2344875912,107,161879,103.50368223126587,156905.65210982112,503,710317,499.5036822312659,705343.652109821
4706,1.7129116170545595,9.666570859627779,89,155107,88.1316679023449,154239.54852033142,419,705429,418.1316679023449,704561.5485203315,91,158288,88.48761310837894,154790.65155560206,421,708610,418.48761310837887,705112.6515556022
4702,0.629311620424003,8.43000923607116,74,123385,72.56454106188329,121582.64668784344,419,705263,417.5645410618832,703460.6466878434,78,129047,73.9270979876674,123602.69006445797,423,710925,418.9270979876673,705480.6900644578
4701,1.0959782396095012,7.804747790828538,85,132379,84.04299261311814,130776.2011155224,463,706103,462.04299261311814,704500.2011155229,86,134082,84.15154446662,130961.06492203606,464,707806,462.15154446661995,704685.0649220365
4707,2.4023121480351546,11.658626130443682,115,210783,113.60159496232095,208196.68280520596,414,705957,412.601594962321,703370.6828052059,119,216135,114.77835144960726,209486.2006056978,418,711309,413.7783514496073,704660.2006056979
4704,1.5628372749544155,11.818196291875335,110,196849,108.24021005377197,194488.78779748688,398,701986,396.2402100537719,699625.7877974869,118,212184,110.16397139217926,198129.80806324398,406,717321,398.1639713921792,703266.8080632441
4709,0.12927403470801907,2.9212966933044995,61,106595,56.07841336760296,96842.73584712492,519,702793,514.0784133676029,693040.735847125,70,134931,58.58726238733431,103305.76447062049,528,731129,516.5872623873342,699503.7644706204
4708,1.8085064366118324,9.424957802821277,90,156746,87.2659486542286,149907.35737838308,475,707357,472.26594865422874,700518.3573783833,107,189623,92.19890952747195,159571.68782126688,492,740234,477.19890952747215,710182.6878212668
