geoid,carea,cperim,dperim_0.5,dpperim_0.5,dperim_pro_0.5,dpperim_pro_0.5,darea_0.5,dparea_0.5,darea_pro_0.5,dparea_pro_0.5,dperim_0.1,dpperim_0.1,dperim_pro_0.1,dpperim_pro_0.1,darea_0.1,dparea_0.1,darea_pro_0.1,dparea_pro_0.1
5403,2.608472273658495,13.204214792780945,63,240849,62.898324798998296,240542.53550263587,162,616141,161.89832479899826,615834.5355026359,63,240849,62.898324798998296,240542.53550263587,162,616141,161.89832479899826,615834.5355026359
5401,1.7176746696463399,12.259820282214914,73,268515,72.70493275853566,267905.2122226902,177,615991,176.70493275853562,615381.2122226901,73,268515,72.70493275853566,267905.2122226902,177,615991,176.70493275853562,615381.2122226901
5402,2.167656982139158,16.869682105896477,64,294309,63.94841801029634,294087.601940209,145,620862,144.94841801029634,620640.6019402088,64,294309,63.94841801029634,294087.601940209,145,620862,144.94841801029634,620640.6019402088
