geoid,carea,cperim,dperim_0.5,dpperim_0.5,dperim_pro_0.5,dpperim_pro_0.5,darea_0.5,dparea_0.5,darea_pro_0.5,dparea_pro_0.5,dperim_0.1,dpperim_0.1,dperim_pro_0.1,dpperim_pro_0.1,darea_0.1,dparea_0.1,darea_pro_0.1,dparea_pro_0.1
0803,13.395608563456811,21.986032722022582,56,68918,55.63322446497984,68410.63044678426,549,716550,548.6332244649798,716042.6304467842,58,73435,55.894512554766244,68997.20258530906,551,721067,548.8945125547662,716629.202585309
0807,0.0958366022835004,2.8819195152055084,76,117989,74.27438387077373,113304.10069492894,490,713962,488.2743838707738,709277.1006949291,85,133078,77.32040989086788,118269.39599417847,499,729051,491.320409890868,714242.3959941786
0805,1.9584805467745046,8.060772554360538,36,56323,35.97917011396854,56280.691773009945,439,719205,438.9791701139685,719162.69177301,37,57849,36.24287556994507,56683.10629883011,440,720731,439.242875569945,719565.1062988301
0801,0.05235752055900044,2.589002315654129,130,197935,128.29012338948664,195657.23317988578,579,716321,577.2901233894867,714043.2331798858,136,208158,129.42004366741594,197533.72172005798,585,726544,578.4200436674158,715919.721720058
0802,2.0875983919501744,10.573814843727948,90,141402,86.3535107446679,135737.44133439782,508,729446,504.353510744668,723781.4413343976,93,147079,87.03571598082836,137002.0194479425,511,735123,505.0357159808284,725046.0194479423
0806,0.13146491490299897,3.8000354073639118,98,161406,93.29960735742769,151985.55354732886,460,708485,455.2996073574276,699064.5535473289,109,185556,96.95989443028091,160322.8164486545,471,732635,458.95989443028077,707401.8164486547
0804,10.317904169569362,18.72447816084101,79,123835,76.81908769500434,119284.52469359341,507,725227,504.8190876950044,720676.5246935935,88,141797,79.75052613062087,125055.18978284135,516,743189,507.75052613062087,726447.1897828415
