geoid,carea,cperim,dperim_0.5,dpperim_0.5,dperim_pro_0.5,dpperim_pro_0.5,darea_0.5,dparea_0.5,darea_pro_0.5,dparea_pro_0.5,dperim_0.1,dpperim_0.1,dperim_pro_0.1,dpperim_pro_0.1,darea_0.1,dparea_0.1,darea_pro_0.1,dparea_pro_0.1
5000,2.797966395834488,9.564068093052418,84,95201,83.72133219332076,94912.23944211558,522,625741,521.7213321933207,625452.2394421156,84,95201,83.72133219332076,94912.23944211558,522,625741,521.7213321933207,625452.2394421156
