geoid,carea,cperim,dperim_0.5,dpperim_0.5,dperim_pro_0.5,dpperim_pro_0.5,darea_0.5,dparea_0.5,darea_pro_0.5,dparea_pro_0.5,dperim_0.1,dpperim_0.1,dperim_pro_0.1,dpperim_pro_0.1,darea_0.1,dparea_0.1,darea_pro_0.1,dparea_pro_0.1
2203,1.8885023716567866,10.805656237060237,25,116992,24.411648180810463,115873.65779849421,160,745993,159.41164818081046,744874.6577984942,28,130425,25.629209007168047,121201.83455122123,163,759426,160.62920900716801,750202.8345512212
2201,1.4174919184586956,19.888180589131515,83,315817,76.23467592500879,295326.8575491398,193,731314,186.23467592500884,710823.8575491399,105,395687,83.11156241242278,319688.0098849825,215,811184,193.11156241242287,735185.0098849827
2205,3.6701016966620323,21.2530657390393,67,294307,65.94459741232716,288598.71147993306,188,754340,186.94459741232714,748631.7114799331,71,317239,66.66960732863869,292813.39927406044,192,777272,187.66960732863868,752846.3992740606
2206,1.074675957127867,13.489682140979959,72,357412,66.12396807624962,326735.0406305133,147,793064,141.1239680762496,762387.040630513,87,419491,70.87996256431505,347399.5088955743,162,855143,145.8799625643151,783051.5088955741
2204,3.172918036095001,15.462515774767457,49,211957,48.20075527897108,207017.52568403853,180,759483,179.2007552789711,754543.5256840383,50,216591,48.40563624728706,207966.9440912148,181,764117,179.40563624728708,755492.9440912146
2202,0.3560807979135863,8.725572525446545,102,358446,93.13589724580376,324135.8328907296,267,738189,258.13589724580385,703878.8328907295,127,456145,100.70488448022954,354960.4826323429,292,835888,265.70488448022957,734703.4826323428
