geoid,carea,cperim,dperim_0.5,dpperim_0.5,dperim_pro_0.5,dpperim_pro_0.5,darea_0.5,dparea_0.5,darea_pro_0.5,dparea_pro_0.5,dperim_0.1,dpperim_0.1,dperim_pro_0.1,dpperim_pro_0.1,darea_0.1,dparea_0.1,darea_pro_0.1,dparea_pro_0.1
0903,0.1357902319407646,2.871795306598812,62,299837,56.284424258582526,275833.92261526606,155,718533,149.28442425858253,694529.9226152658,65,311420,57.10458756889651,279327.9694359031,158,730116,150.1045875688965,698023.9694359029
0902,0.5741403888575803,4.360133486042601,50,236866,47.023171923853305,225088.19513142112,156,716677,153.02317192385337,704899.1951314212,50,236866,47.023171923853305,225088.19513142112,156,716677,153.02317192385337,704899.1951314212
0904,0.13308251370214522,2.7090274404817998,46,209297,43.292357499204115,197997.81829401953,162,699179,159.29235749920414,687879.8182940193,52,227295,45.56389160520918,204590.14387327104,168,717177,161.5638916052092,694472.1438732708
0901,0.19510701719259005,3.7513905575862108,61,283444,60.23136021750954,280249.7938509591,178,718584,177.23136021750946,715389.7938509589,63,292662,60.69146285855247,282281.0332492233,180,727802,177.69146285855243,717421.0332492231
0905,0.3590620439034069,4.393922059802029,72,306075,71.12239764683599,302198.30416628666,173,707908,172.12239764683605,704031.3041662867,77,327464,72.74106067493786,309329.95116238616,178,729297,173.7410606749379,711162.9511623862
