geoid,carea,cperim,dperim_0.5,dpperim_0.5,dperim_pro_0.5,dpperim_pro_0.5,darea_0.5,dparea_0.5,darea_pro_0.5,dparea_pro_0.5,dperim_0.1,dpperim_0.1,dperim_pro_0.1,dpperim_pro_0.1,darea_0.1,dparea_0.1,darea_pro_0.1,dparea_pro_0.1
5600,27.97188219227129,21.996584701076305,26,119618,25.99791053765345,119607.80741719536,132,563626,131.99791053765347,563615.8074171954,26,119618,25.99791053765345,119607.80741719536,132,563626,131.99791053765347,563615.8074171954
