geoid,carea,cperim,dperim_0.5,dpperim_0.5,dperim_pro_0.5,dpperim_pro_0.5,darea_0.5,dparea_0.5,darea_pro_0.5,dparea_pro_0.5,dperim_0.1,dpperim_0.1,dperim_pro_0.1,dpperim_pro_0.1,darea_0.1,dparea_0.1,darea_pro_0.1,dparea_pro_0.1
5503,3.3263717022544075,15.784387290867363,130,164848,124.29415278137783,156162.2660462914,555,711581,549.2941527813775,702895.2660462918,142,179883,127.2021951727384,159891.45916397846,567,726616,552.2021951727381,706624.4591639789
5507,7.165392537136137,22.207359157520933,109,145018,105.05451582055653,139899.57847059754,598,709417,594.0545158205564,704298.578470598,124,165656,110.59514388761045,148051.6159442809,613,730055,599.5951438876102,712450.6159442813
5508,2.068467195116144,12.890825583483117,100,128683,95.03135637668726,122063.5641424372,516,692527,511.0313563766872,685907.5641424373,113,147824,99.18071681255563,128445.76657976715,529,711668,515.1807168125555,692289.7665797673
5505,0.5606681334014999,5.3238583423933905,135,174562,130.53301378012748,168620.11532254584,545,706860,540.5330137801277,700918.1153225458,152,198292,134.91777111272424,175260.35027716734,562,730590,544.9177711127245,707558.3502771672
5504,0.03715172228886019,1.7724250241393944,111,131875,107.90010658756911,128175.96585818831,665,703770,661.900106587569,700070.9658581887,120,139122,111.37288692896364,130890.54239916994,674,711017,665.3728869289637,702785.5423991702
5502,1.3177342165797112,6.334589142877293,55,78995,53.330965142948976,76744.42245070478,478,713585,476.330965142949,711334.4224507046,63,92977,55.38619997625613,80253.0247595764,486,727567,478.38619997625614,714843.0247595764
5501,0.5051950548866215,4.538105591216223,81,117162,73.54387274076748,106065.1327274666,532,699133,524.5438727407674,688036.1327274663,108,150005,82.3256822728833,116490.23051679655,559,731976,533.3256822728832,698461.2305167961
5506,1.5093373376885468,9.27949399581348,132,181038,126.09089929237865,172077.38340163548,544,702557,538.0908992923787,693596.3834016357,142,193889,129.2760903820359,176145.889856145,554,715408,541.2760903820359,697664.8898561451
