geoid,carea,cperim,dperim_0.5,dpperim_0.5,dperim_pro_0.5,dpperim_pro_0.5,darea_0.5,dparea_0.5,darea_pro_0.5,dparea_pro_0.5,dperim_0.1,dpperim_0.1,dperim_pro_0.1,dpperim_pro_0.1,darea_0.1,dparea_0.1,darea_pro_0.1,dparea_pro_0.1
4102,20.35204957043235,23.85697293213116,89,106456,88.50734337888808,105685.93743422173,571,765205,570.5073433788882,764434.9374342216,90,109147,88.65880751692482,106093.5274296786,572,767896,570.6588075169249,764842.5274296785
4105,1.5511150939920386,12.051598887166692,108,147688,102.92759860866938,141009.17231744324,475,765041,469.92759860866937,758362.172317443,117,161211,104.93050181783524,144361.45988836256,484,778564,471.93050181783525,761714.4598883623
4104,5.026279817578199,12.532965852694291,63,73891,59.681544255961455,70039.17746946034,580,764601,576.6815442559616,760749.1774694601,67,79802,61.09459603676061,72227.29277457292,584,770512,578.0945960367609,762937.2927745726
4103,0.3292611922589348,4.236492781608257,70,113965,66.69872237614067,107601.06517201487,538,770160,534.698722376141,763796.065172015,82,133283,69.47174434714292,111985.93980879958,550,789478,537.4717443471432,768180.9398087995
4101,0.9198174057612379,6.946091223034375,81,112044,76.65242684165645,107677.16030970131,456,759547,451.6524268416564,755180.1603097013,89,123689,79.93961997927835,112249.72859459212,464,771192,454.9396199792783,759752.7285945922
