geoid,carea,cperim,dperim_0.5,dpperim_0.5,dperim_pro_0.5,dpperim_pro_0.5,darea_0.5,dparea_0.5,darea_pro_0.5,dparea_pro_0.5,dperim_0.1,dpperim_0.1,dperim_pro_0.1,dpperim_pro_0.1,darea_0.1,dparea_0.1,darea_pro_0.1,dparea_pro_0.1
5600,27.97188219227129,21.996584701076305,38,55258,37.99455603138446,55249.702318018564,410,563626,409.99455603138443,563617.7023180185,38,55258,37.99455603138446,55249.702318018564,410,563626,409.99455603138443,563617.7023180185
