geoid,carea,cperim,dperim_0.5,dpperim_0.5,dperim_pro_0.5,dpperim_pro_0.5,darea_0.5,dparea_0.5,darea_pro_0.5,dparea_pro_0.5,dperim_0.1,dpperim_0.1,dperim_pro_0.1,dpperim_pro_0.1,darea_0.1,dparea_0.1,darea_pro_0.1,dparea_pro_0.1
3101,2.5022031990387945,10.08252437596276,51,189721,50.90032578365498,189287.92596686434,161,605675,160.900325783655,605241.9259668643,53,200263,51.39591705744196,191920.3587332679,163,616217,161.39591705744198,607874.358733268
3102,0.14653722116784015,2.093338124685855,21,73750,20.42709835305952,70949.70640685318,180,611613,179.4270983530595,608812.7064068532,21,73750,20.42709835305952,70949.70640685318,180,611613,179.4270983530595,608812.7064068532
3103,18.965715587545294,26.892397862373716,60,180997,59.954509707662936,180794.7928905292,191,609053,190.95450970766302,608850.7928905293,60,180997,59.954509707662936,180794.7928905292,191,609053,190.95450970766302,608850.7928905293
