geoid,carea,cperim,dperim_0.5,dpperim_0.5,dperim_pro_0.5,dpperim_pro_0.5,darea_0.5,dparea_0.5,darea_pro_0.5,dparea_pro_0.5,dperim_0.1,dpperim_0.1,dperim_pro_0.1,dpperim_pro_0.1,darea_0.1,dparea_0.1,darea_pro_0.1,dparea_pro_0.1
1000,0.5448325545205064,4.337819319648382,46,192578,43.872430913439345,186129.38726952497,214,897224,211.87243091343936,890775.3872695249,48,193288,44.471477643240455,186413.33233999822,216,897934,212.47147764324046,891059.3323399981
