geoid,carea,cperim,dperim_0.5,dpperim_0.5,dperim_pro_0.5,dpperim_pro_0.5,darea_0.5,dparea_0.5,darea_pro_0.5,dparea_pro_0.5,dperim_0.1,dpperim_0.1,dperim_pro_0.1,dpperim_pro_0.1,darea_0.1,dparea_0.1,darea_pro_0.1,dparea_pro_0.1
5505,0.5606681334014999,5.3238583423933905,67,274804,64.68964741273352,264483.8677134773,166,703634,163.68964741273356,693313.8677134773,76,314549,66.50354268785232,272797.9232739875,175,743379,165.50354268785236,701627.9232739875
5503,3.3263717022544075,15.784387290867363,69,292971,65.25952385771751,275771.74670693453,162,723217,158.25952385771754,706017.7467069344,71,300780,65.62081322715049,277182.0953445065,164,731026,158.6208132271505,707428.0953445064
5504,0.03715172228886019,1.7724250241393944,62,216161,58.17371329491841,202923.6132141548,237,707772,233.17371329491834,694534.613214155,65,219406,59.379870237407005,204179.28133297662,240,711017,234.37987023740695,695790.2813329768
5508,2.068467195116144,12.890825583483117,53,223822,49.32266864520485,208578.23962845837,162,693365,158.32266864520483,678121.2396284583,59,243462,51.27776385624234,215322.9229955774,168,713005,160.2777638562423,684865.9229955773
5502,1.3177342165797112,6.334589142877293,30,135698,28.735006877148617,127647.03355523411,160,721066,158.7350068771486,713015.0335552341,35,156953,29.610677093315676,131352.5639220727,165,742321,159.61067709331567,716720.5639220726
5506,1.5093373376885468,9.27949399581348,82,360520,77.39135657047161,341247.09170938755,162,703221,157.39135657047171,683948.0917093877,87,380814,79.26164386271974,348937.135120616,167,723515,159.26164386271984,691638.1351206162
5501,0.5051950548866215,4.538105591216223,49,247722,44.15799068697735,226312.13976885303,148,694686,143.15799068697734,673276.1397688526,62,311591,48.09506611102263,245631.20419214902,161,758555,147.09506611102265,692595.2041921485
5507,7.165392537136137,22.207359157520933,57,224572,55.76289015767502,219862.9684985901,184,698831,182.76289015767503,694121.9684985902,70,286603,59.13751800686222,235315.4955639278,197,760862,186.13751800686225,709574.495563928
