geoid,carea,cperim,dperim_0.5,dpperim_0.5,dperim_pro_0.5,dpperim_pro_0.5,darea_0.5,dparea_0.5,darea_pro_0.5,dparea_pro_0.5,dperim_0.1,dpperim_0.1,dperim_pro_0.1,dpperim_pro_0.1,darea_0.1,dparea_0.1,darea_pro_0.1,dparea_pro_0.1
1198,0.018373548309999824,0.6457342401350269,23,81211,22.709488821368264,80331.85974618889,179,601723,178.7094888213682,600843.8597461889,23,81211,22.709488821368264,80331.85974618889,179,601723,178.7094888213682,600843.8597461889
