geoid,carea,cperim,dperim_0.5,dpperim_0.5,dperim_pro_0.5,dpperim_pro_0.5,darea_0.5,dparea_0.5,darea_pro_0.5,dparea_pro_0.5,dperim_0.1,dpperim_0.1,dperim_pro_0.1,dpperim_pro_0.1,darea_0.1,dparea_0.1,darea_pro_0.1,dparea_pro_0.1
0409,0.041695071817999994,1.8531327003063316,137,199558,134.51450442500584,196221.90664061857,507,712460,504.51450442500584,709123.9066406187,139,201462,135.0780800595237,196763.02810805687,509,714364,505.07808005952364,709665.028108057
0402,1.9492456660089832,7.2155173762948275,66,110329,60.367212455305165,101409.18635203052,505,714126,499.3672124553052,705206.1863520304,78,129890,63.23379514799726,105962.18316731756,517,733687,502.2337951479973,709759.1831673174
0403,3.89413838548834,14.058958377905155,111,196479,107.41366825543282,190858.3235164134,426,707734,422.4136682554328,702113.3235164133,126,220731,111.33038931150195,197198.33504101157,441,731986,426.33038931150185,708453.3350410115
0401,14.111646865389517,29.166141343402597,82,124792,77.62128889220003,118175.98064298494,479,715992,474.6212888922001,709375.980642985,96,152702,81.85669549836904,127443.11718135193,493,743902,478.8566954983691,718643.1171813521
0404,8.502803826011116,29.29139156968329,109,172641,106.05240059832258,165641.31998131907,402,700206,399.0524005983225,693206.3199813191,125,203326,111.04730468095231,174039.291487018,418,730891,404.0473046809522,701604.2914870182
0406,0.1583684472094999,2.474218723300392,66,98752,64.01432966259813,95589.76996947912,511,710883,509.0143296625981,707720.7699694791,74,109759,65.97091170405615,97917.03467737934,519,721890,510.9709117040561,710048.0346773792
0407,0.05159903486600006,1.2553100840562315,80,117467,79.51883756623678,116921.06147813845,443,707804,442.51883756623687,707258.0614781383,83,123192,80.69237881029312,119115.35230975875,446,713529,443.6923788102932,709452.3523097588
0408,0.13636276902999964,2.8812521777103646,74,138371,71.49871607192172,133459.59356507365,480,709723,477.49871607192165,704811.5935650738,82,153382,73.93411979849702,138124.92532079216,488,724734,479.9341197984969,709476.9253207924
0405,0.07384901485699981,1.3362331050861365,78,121401,77.3311271891003,120439.86580155646,424,710445,423.3311271891003,709483.8658015566,79,122966,77.45680579502702,120636.55281983178,425,712010,423.45680579502704,709680.5528198319
