geoid,carea,cperim,dperim_0.5,dpperim_0.5,dperim_pro_0.5,dpperim_pro_0.5,darea_0.5,dparea_0.5,darea_pro_0.5,dparea_pro_0.5,dperim_0.1,dpperim_0.1,dperim_pro_0.1,dpperim_pro_0.1,darea_0.1,dparea_0.1,darea_pro_0.1,dparea_pro_0.1
2706,0.9032680783317315,7.2466050628306995,101,187660,100.65642330371706,187187.07001742197,388,659384,387.6564233037172,658911.0700174222,104,193871,101.38793381985052,188827.063132039,391,665595,388.3879338198506,660551.0631320393
2707,10.760509370290874,24.552152927417385,126,134766,123.76478836654088,131001.5185219467,613,662792,610.7647883665409,659027.5185219467,131,141751,125.05080967468798,132906.66789360892,618,669777,612.0508096746879,660932.6678936089
2708,9.275919386992198,19.91780809745648,102,129070,98.46937970805051,124912.35663972293,577,658526,573.4693797080503,654368.3566397226,113,141776,101.77018439008602,128660.13680904085,588,671232,576.7701843900859,658116.1368090406
2701,3.5343529596261725,12.890074611882556,79,84491,78.05278861726232,83142.32818215649,549,664852,548.0527886172624,663503.3281821564,80,85179,78.36019267518661,83353.82217400838,550,665540,548.3601926751867,663714.8221740084
2704,0.1079863075178722,1.6007359490260737,54,77109,53.90049416042634,76959.19724452184,492,662728,491.9004941604263,662578.1972445219,55,79571,54.258006357039854,77839.3922725843,493,665190,492.25800635703985,663458.3922725844
2705,0.042006517313999917,1.1826603301063399,81,93509,80.75929890893758,93237.59943308259,626,662883,625.7592989089376,662611.5994330827,82,94983,80.90135894374633,93446.99592439069,627,664357,625.9013589437463,662820.9959243907
2702,0.7419245136466697,5.703263534672324,66,99988,65.3771388558718,98528.80937705572,383,662444,382.37713885587186,660984.8093770557,67,101965,65.79854922208554,99361.9376710603,384,664421,382.7985492220856,661817.9376710603
2703,0.1722912937469996,2.7821103477337243,98,142977,97.24988277685819,141987.324239005,473,664206,472.2498827768582,663216.3242390048,98,142977,97.24988277685819,141987.324239005,473,664206,472.2498827768582,663216.3242390048
