geoid,carea,cperim,dperim_0.5,dpperim_0.5,dperim_pro_0.5,dpperim_pro_0.5,darea_0.5,dparea_0.5,darea_pro_0.5,dparea_pro_0.5,dperim_0.1,dpperim_0.1,dperim_pro_0.1,dpperim_pro_0.1,darea_0.1,dparea_0.1,darea_pro_0.1,dparea_pro_0.1
3502,18.046932230745288,23.778024825705256,42,170091,39.844755811370426,161626.6945056213,168,700270,165.84475581137042,691805.6945056211,47,192010,40.89051056633662,165598.43000676538,173,722189,166.89051056633664,695777.4300067652
3501,1.1749688155465001,7.552955427282751,22,111734,20.841999424428398,106192.91030919341,156,677544,154.84199942442842,672002.9103091933,30,149275,23.020233176606688,116658.23324387528,164,715085,157.02023317660672,682468.2332438752
3503,11.671013912249473,20.02422803837324,49,197578,47.2605334965622,190211.57207843583,175,681365,173.26053349656212,673998.5720784358,55,221441,48.76313070602461,195752.20976273078,181,705228,174.76313070602453,679539.2097627308
