geoid,carea,cperim,dperim_0.5,dpperim_0.5,dperim_pro_0.5,dpperim_pro_0.5,darea_0.5,dparea_0.5,darea_pro_0.5,dparea_pro_0.5,dperim_0.1,dpperim_0.1,dperim_pro_0.1,dpperim_pro_0.1,darea_0.1,dparea_0.1,darea_pro_0.1,dparea_pro_0.1
3204,13.630528311308543,18.28291299297537,67,98693,65.31740088286496,95253.10690722983,440,677736,438.31740088286494,674296.1069072299,71,102733,66.57249883909242,96610.51278837456,444,681776,439.57249883909236,675653.5127883747
3202,15.536409151581156,18.886948572582433,32,32162,31.338995905332645,31526.054356892124,493,677011,492.3389959053327,676375.0543568924,32,32162,31.338995905332645,31526.054356892124,493,677011,492.3389959053327,676375.0543568924
3201,0.027099538171500053,0.7796101245473421,75,113031,73.10193889878109,110622.11051509232,506,667856,504.1019388987808,665447.1105150924,82,128233,75.24132852479639,115450.19498374211,513,683058,506.2413285247961,670275.1949837422
3203,0.745078515687299,4.700518054449759,46,93969,44.45559608494833,89327.9560613932,397,677948,395.4555960849484,673306.9560613933,52,110088,45.91563145900708,93076.57498597601,403,694067,396.91563145900716,677055.574985976
