geoid,carea,cperim,dperim_0.5,dpperim_0.5,dperim_pro_0.5,dpperim_pro_0.5,darea_0.5,dparea_0.5,darea_pro_0.5,dparea_pro_0.5,dperim_0.1,dpperim_0.1,dperim_pro_0.1,dpperim_pro_0.1,darea_0.1,dparea_0.1,darea_pro_0.1,dparea_pro_0.1
1501,0.049771221650598156,1.446981964095438,62,95101,56.94796537727048,90157.16047803691,419,676195,413.94796537727046,671251.1604780369,65,99402,58.21679599459433,92028.65186897402,422,680496,415.2167959945944,673122.6518689741
1502,1.3985688153309,14.776166870112531,148,198952,125.02502469959096,169896.86767145613,398,643084,375.02502469959086,614028.8676714557,176,235216,134.22257129455986,181802.80956809816,426,679348,384.22257129455977,625934.8095680976
