geoid,carea,cperim,dperim_0.5,dpperim_0.5,dperim_pro_0.5,dpperim_pro_0.5,darea_0.5,dparea_0.5,darea_pro_0.5,dparea_pro_0.5,dperim_0.1,dpperim_0.1,dperim_pro_0.1,dpperim_pro_0.1,darea_0.1,dparea_0.1,darea_pro_0.1,dparea_pro_0.1
4600,22.578356084866595,23.381045347803973,78,92991,77.91625662282027,92891.87519786134,654,814180,653.9162566228204,814080.8751978612,78,92991,77.91625662282027,92891.87519786134,654,814180,653.9162566228204,814080.8751978612
