geoid,carea,cperim,dperim_0.5,dpperim_0.5,dperim_pro_0.5,dpperim_pro_0.5,darea_0.5,dparea_0.5,darea_pro_0.5,dparea_pro_0.5,dperim_0.1,dpperim_0.1,dperim_pro_0.1,dpperim_pro_0.1,darea_0.1,dparea_0.1,darea_pro_0.1,dparea_pro_0.1
4600,22.578356084866595,23.381045347803973,52,183228,51.9667757377466,183118.11700423784,222,814180,221.96677573774667,814070.1170042376,52,183228,51.9667757377466,183118.11700423784,222,814180,221.96677573774667,814070.1170042376
