geoid,carea,cperim,dperim_0.5,dpperim_0.5,dperim_pro_0.5,dpperim_pro_0.5,darea_0.5,dparea_0.5,darea_pro_0.5,dparea_pro_0.5,dperim_0.1,dpperim_0.1,dperim_pro_0.1,dpperim_pro_0.1,darea_0.1,dparea_0.1,darea_pro_0.1,dparea_pro_0.1
2506,0.16051979714121048,3.1440336282020205,114,167101,104.07425106565245,156527.3178318309,516,712911,506.0742510656524,702337.3178318308,129,185216,109.06370280704252,162714.0013512216,531,731026,511.0637028070423,708524.0013512217
2502,0.4851898814182847,4.782495343335326,85,144581,83.99396118247502,142714.83870552405,512,728766,510.9939611824751,726899.8387055238,87,146041,84.62602734662168,143178.88782476092,514,730226,511.62602734662175,727363.8878247606
2504,0.19745767821003568,3.773151301459286,138,229612,135.60718173168507,225604.93653184184,466,723557,463.60718173168505,719549.936531842,147,244790,138.22250741720975,229881.28524594102,475,738735,466.22250741720967,723826.2852459413
2503,0.2235884722226545,3.591054043026355,97,154280,95.46151295561751,152380.05000938268,494,727976,492.46151295561776,726076.0500093828,98,156611,95.61244055450932,152731.86224239948,495,730307,492.6124405545096,726427.8622423996
2509,0.3777252111168104,9.925336897312366,176,197098,157.9198164187491,180206.55668960095,572,710196,553.919816418749,693304.5566896009,202,222951,166.26943893535903,188464.6138354465,598,736049,562.269438935359,701562.6138354465
2505,0.07889992212527167,2.463951521999205,151,193371,145.50613806766324,187394.32102791956,602,721634,596.5061380676631,715657.3210279198,164,209925,149.03288574164023,192114.66746357866,615,738188,600.0328857416401,720377.6674635789
2508,0.09739508509649901,3.660456992973118,144,188652,137.8785497260791,181724.32510588685,574,702140,567.8785497260793,695212.3251058867,174,222716,146.42181963903056,191696.4268109636,604,736204,576.421819639031,705184.4268109633
2507,0.019348780376813767,1.7829013052719023,156,194851,149.38726184272366,188734.77248647998,607,727643,600.3872618427239,721526.77248648,169,205822,153.65612305390468,192368.4292417986,620,738614,604.6561230539048,725160.4292417988
2501,0.6788757970259627,5.423174463648857,74,107422,73.85189281737227,107210.85844821611,578,727225,577.8518928173723,727013.8584482159,75,108076,74.07511150714743,107356.84347132905,579,727879,578.0751115071475,727159.8434713288
