geoid,carea,cperim,dperim_0.5,dpperim_0.5,dperim_pro_0.5,dpperim_pro_0.5,darea_0.5,dparea_0.5,darea_pro_0.5,dparea_pro_0.5,dperim_0.1,dpperim_0.1,dperim_pro_0.1,dpperim_pro_0.1,darea_0.1,dparea_0.1,darea_pro_0.1,dparea_pro_0.1
0901,0.19510701719259005,3.7513905575862108,109,170685,107.8594111900698,168660.74465699476,535,716092,533.8594111900701,714067.7446569947,111,174720,108.53486200793029,170032.9248055302,537,720127,534.5348620079305,715439.92480553
0905,0.3590620439034069,4.393922059802029,132,200803,130.97808851063954,199220.03974266653,504,712433,502.97808851063945,710850.0397426665,135,206938,131.92617732101388,201158.32188285462,507,718568,503.9261773210138,712788.3218828546
0902,0.5741403888575803,4.360133486042601,98,145483,92.99394508115516,139425.18084158393,492,712679,486.99394508115523,706621.1808415838,102,149481,94.24612779951055,140669.76239836882,496,716677,488.24612779951065,707865.7623983688
0904,0.13308251370214522,2.7090274404817998,88,128378,81.96753221044985,121011.97536571285,511,706537,504.96753221045,699170.975365713,93,136465,83.64403943887403,123762.91295719317,516,714624,506.64403943887413,701921.9129571933
0903,0.1357902319407646,2.871795306598812,103,149814,93.34567983560596,137547.63939067847,528,712292,518.345679835606,700025.6393906784,110,159646,95.50513978057302,140417.24105088788,535,722124,520.505139780573,702895.2410508879
