geoid,carea,cperim,dperim_0.5,dpperim_0.5,dperim_pro_0.5,dpperim_pro_0.5,darea_0.5,dparea_0.5,darea_pro_0.5,dparea_pro_0.5,dperim_0.1,dpperim_0.1,dperim_pro_0.1,dpperim_pro_0.1,darea_0.1,dparea_0.1,darea_pro_0.1,dparea_pro_0.1
2103,0.08950123113448447,1.7512834309278533,37,61359,36.76166272091616,60841.068880031235,562,721540,561.7616627209162,721022.0688800311,40,64911,37.71273360440267,61937.6876470857,565,725092,562.7127336044027,722118.6876470858
2105,2.9915912568476593,12.559492726863303,102,118906,101.10799691837248,117834.59752718838,609,723489,608.1079969183722,722417.5975271884,104,123144,101.66102294758961,118917.3635903987,611,727727,608.6610229475893,723500.3635903987
2104,1.2018860842193515,10.79633581377422,131,176993,127.0697738729348,170603.67455733134,495,725184,491.0697738729349,718794.6745573314,136,184373,128.49214945858765,172795.4931768962,500,732564,492.4921494585877,720986.4931768961
2106,1.1542406399654987,9.189065829884917,56,82631,55.51780058306262,81726.92550296485,515,724467,514.5178005830626,723562.9255029646,61,90172,56.74527945048158,83239.32042667967,520,732008,515.7452794504816,725075.3204266794
2101,3.2953225522756617,18.29226628510154,131,153285,130.80921151737854,153062.37637499766,595,722765,594.8092115173787,722542.3763749975,132,154518,131.2163672732599,153564.39942199935,596,723998,595.2163672732601,723044.3994219992
2102,1.9359907301228543,14.505165128307995,112,154444,110.05282199794473,151581.37230884144,509,721922,507.0528219979448,719059.3723088416,116,163957,111.22201193105671,154685.5655180881,513,731435,508.2220119310569,722163.5655180883
