geoid,carea,cperim,dperim_0.5,dpperim_0.5,dperim_pro_0.5,dpperim_pro_0.5,darea_0.5,dparea_0.5,darea_pro_0.5,dparea_pro_0.5,dperim_0.1,dpperim_0.1,dperim_pro_0.1,dpperim_pro_0.1,darea_0.1,dparea_0.1,darea_pro_0.1,dparea_pro_0.1
4004,2.52807492381083,11.18542078849662,50,185673,49.40286572634632,182866.43775215722,192,746381,191.40286572634633,743574.4377521572,53,200837,50.3508465641714,187695.10791147372,195,761545,192.3508465641714,748403.1079114737
4005,0.5381869420664998,5.010146859585397,52,196844,51.04518798792151,191992.38572682656,246,754523,245.04518798792157,749671.3857268266,53,203393,51.378213283190746,194173.36838554475,247,761072,245.3782132831908,751852.3683855449
4002,5.5729546335776625,15.897334618267626,59,224842,58.36564944218253,222759.407821848,197,755600,196.36564944218253,753517.407821848,59,224842,58.36564944218253,222759.407821848,197,755600,196.36564944218253,753517.407821848
4003,8.92786109873781,21.13358256037096,62,227764,61.7302536563177,226259.93672352834,196,749010,195.73025365631767,747505.9367235281,64,232257,62.41549999285827,227881.26422945844,198,753503,196.41549999285823,749127.2642294583
4001,0.43792344584400317,5.139646274175634,43,156112,42.36592666855059,154324.2500050615,215,745837,214.36592666855051,744049.2500050614,47,171772,43.22836830379845,157761.49158518788,219,761497,215.22836830379836,747486.4915851878
