geoid,carea,cperim,dperim_0.5,dpperim_0.5,dperim_pro_0.5,dpperim_pro_0.5,darea_0.5,dparea_0.5,darea_pro_0.5,dparea_pro_0.5,dperim_0.1,dpperim_0.1,dperim_pro_0.1,dpperim_pro_0.1,darea_0.1,dparea_0.1,darea_pro_0.1,dparea_pro_0.1
1502,1.3985688153309,14.776166870112531,96,449093,82.94330793337178,389893.772660558,143,663686,129.9433079333718,604486.7726605579,100,465682,84.40059288569282,396093.68397341634,147,680275,131.40059288569284,610686.6839734161
1501,0.049771221650598156,1.446981964095438,48,175573,43.64996566478717,165728.89574797297,178,680026,173.64996566478715,670181.8957479729,49,183805,43.77568666100466,166763.8309888353,179,688258,173.77568666100464,671216.8309888352
