geoid,carea,cperim,dperim_0.5,dpperim_0.5,dperim_pro_0.5,dpperim_pro_0.5,darea_0.5,dparea_0.5,darea_pro_0.5,dparea_pro_0.5,dperim_0.1,dpperim_0.1,dperim_pro_0.1,dpperim_pro_0.1,darea_0.1,dparea_0.1,darea_pro_0.1,dparea_pro_0.1
3000,45.078655701474844,36.038534962992784,46,108144,45.98135146407589,108097.68468317912,271,989415,270.9813514640759,989368.6846831791,46,108144,45.98135146407589,108097.68468317912,271,989415,270.9813514640759,989368.6846831791
