geoid,carea,cperim,dperim_0.5,dpperim_0.5,dperim_pro_0.5,dpperim_pro_0.5,darea_0.5,dparea_0.5,darea_pro_0.5,dparea_pro_0.5,dperim_0.1,dpperim_0.1,dperim_pro_0.1,dpperim_pro_0.1,darea_0.1,dparea_0.1,darea_pro_0.1,dparea_pro_0.1
3800,21.83979656534545,24.84544861267249,54,161930,53.89310092288828,161588.94913147663,205,672591,204.8931009228882,672249.9491314765,54,161930,53.89310092288828,161588.94913147663,205,672591,204.8931009228882,672249.9491314765
