geoid,carea,cperim,dperim_0.5,dpperim_0.5,dperim_pro_0.5,dpperim_pro_0.5,darea_0.5,dparea_0.5,darea_pro_0.5,dparea_pro_0.5,dperim_0.1,dpperim_0.1,dperim_pro_0.1,dpperim_pro_0.1,darea_0.1,dparea_0.1,darea_pro_0.1,dparea_pro_0.1
0101,1.523722105324312,13.223036701012303,76,109291,69.74056498895064,100914.79326344036,432,675726,425.74056498895067,667349.7932634405,82,118630,71.64552605799948,104111.49183592093,438,685065,427.64552605799946,670546.4918359212
0107,2.5540215367385644,15.389205231954957,166,214360,157.98313505426327,205257.1893781881,609,677547,600.9831350542634,668444.1893781885,193,258782,165.56506338839617,218517.64670415423,636,721969,608.5650633883963,681704.6467041547
0106,1.0625527745054983,9.846727183571234,122,181717,116.8409918552513,171072.96583664548,434,688049,428.8409918552514,677404.9658366452,138,201423,121.45702554469828,176462.70427984142,450,707755,433.45702554469824,682794.7042798412
0102,2.528299937211127,11.998659877510415,113,139566,111.10699525058176,137449.6579525841,520,681874,518.1069952505818,679757.6579525842,119,146340,112.62887374610521,139098.49708859756,526,688648,519.6288737461053,681406.4970885976
0103,1.9340586637781245,10.171525854617009,101,152836,100.42119273033632,151767.6051754214,467,684416,466.4211927303362,683347.6051754215,102,154120,100.61402074880891,152015.1963511402,468,685700,466.6140207488088,683595.1963511403
0105,0.9831986809024921,6.836931876259741,64,96614,63.22083942572273,95932.12333678904,426,683019,425.2208394257228,682337.1233367891,64,96614,63.22083942572273,95932.12333678904,426,683019,425.2208394257228,682337.1233367891
0104,2.305981681743378,12.389666699875704,112,153922,111.34065028962209,152709.41451199536,545,683524,544.340650289622,682311.4145119956,118,159572,112.40198830395907,153727.9240062598,551,689174,545.4019883039589,683329.9240062601
