geoid,carea,cperim,dperim_0.5,dpperim_0.5,dperim_pro_0.5,dpperim_pro_0.5,darea_0.5,dparea_0.5,darea_pro_0.5,dparea_pro_0.5,dperim_0.1,dpperim_0.1,dperim_pro_0.1,dpperim_pro_0.1,darea_0.1,dparea_0.1,darea_pro_0.1,dparea_pro_0.1
3800,21.83979656534545,24.84544861267249,79,98816,78.77348056946067,98574.53746101924,572,672591,571.7734805694604,672349.5374610191,79,98816,78.77348056946067,98574.53746101924,572,672591,571.7734805694604,672349.5374610191
