geoid,carea,cperim,dperim_0.5,dpperim_0.5,dperim_pro_0.5,dpperim_pro_0.5,darea_0.5,dparea_0.5,darea_pro_0.5,dparea_pro_0.5,dperim_0.1,dpperim_0.1,dperim_pro_0.1,dpperim_pro_0.1,darea_0.1,dparea_0.1,darea_pro_0.1,dparea_pro_0.1
1198,0.018373548309999824,0.6457342401350269,35,44285,34.33101825928248,43475.04141491381,450,601723,449.3310182592825,600913.041414914,35,44285,34.33101825928248,43475.04141491381,450,601723,449.3310182592825,600913.041414914
