geoid,carea,cperim,dperim_0.5,dpperim_0.5,dperim_pro_0.5,dpperim_pro_0.5,darea_0.5,dparea_0.5,darea_pro_0.5,dparea_pro_0.5,dperim_0.1,dpperim_0.1,dperim_pro_0.1,dpperim_pro_0.1,darea_0.1,dparea_0.1,darea_pro_0.1,dparea_pro_0.1
5000,2.797966395834488,9.564068093052418,52,176869,51.93191388696383,176652.9337072394,184,625741,183.93191388696383,625524.9337072392,52,176869,51.93191388696383,176652.9337072394,184,625741,183.93191388696383,625524.9337072392
