geoid,carea,cperim,dperim_0.5,dpperim_0.5,dperim_pro_0.5,dpperim_pro_0.5,darea_0.5,dparea_0.5,darea_pro_0.5,dparea_pro_0.5,dperim_0.1,dpperim_0.1,dperim_pro_0.1,dpperim_pro_0.1,darea_0.1,dparea_0.1,darea_pro_0.1,dparea_pro_0.1
3302,1.923930151304621,12.267021846666163,70,339236,69.46193548318783,336588.51596565667,145,660474,144.46193548318791,657826.5159656565,71,342497,69.76408121490815,337573.81319679663,146,663735,144.76408121490826,658811.8131967963
3301,0.7596235727173705,7.107184294214927,60,271394,58.934294476971786,268354.4258623915,148,650698,146.93429447697184,647658.4258623916,62,281588,59.83664612491493,272954.1078247468,150,660892,147.83664612491498,652258.107824747
