geoid,carea,cperim,dperim_0.5,dpperim_0.5,dperim_pro_0.5,dpperim_pro_0.5,darea_0.5,dparea_0.5,darea_pro_0.5,dparea_pro_0.5,dperim_0.1,dpperim_0.1,dperim_pro_0.1,dpperim_pro_0.1,darea_0.1,dparea_0.1,darea_pro_0.1,dparea_pro_0.1
1501,0.04799404270214293,1.4003379231940878,54,86115,48.32446728111999,78300.07287283403,406,662528,400.3244672811199,654713.0728728345,71,103665,53.9253883848247,84492.89304198792,423,680078,405.92538838482466,660905.8930419884
1502,1.3937859590118538,13.278657521350125,144,201795,122.3642426427387,172924.3541068616,390,636195,368.3642426427388,607324.354106862,177,244139,132.53291685832397,185206.51672830494,423,678539,378.532916858324,619606.5167283049
