geoid,carea,cperim,dperim_0.5,dpperim_0.5,dperim_pro_0.5,dpperim_pro_0.5,darea_0.5,dparea_0.5,darea_pro_0.5,dparea_pro_0.5,dperim_0.1,dpperim_0.1,dperim_pro_0.1,dpperim_pro_0.1,darea_0.1,dparea_0.1,darea_pro_0.1,dparea_pro_0.1
4104,5.025539965050975,11.690034940996899,57,67288,53.79397514395631,63515.23977759881,579,763443,575.7939751439562,759670.2397775982,64,77652,56.12571076964711,66795.44652193981,586,773807,578.1257107696471,762950.4465219392
4101,0.9210354091894807,6.545311330347921,70,97931,65.26429288892753,91834.6754297559,455,760860,450.2642928889276,754763.6754297556,85,116218,70.36386273181566,97692.44233207688,470,779147,455.36386273181574,760621.4423320766
4105,1.5504744960240955,11.558963077968183,101,138130,95.23077717512251,130307.06093015744,472,761954,466.2307771751224,754131.0609301577,113,156034,98.29669192999751,134937.3620514811,484,779858,469.29669192999734,758761.3620514811
4103,0.32914121628416504,3.885616646822954,58,95208,52.13680096766118,85701.06249167125,540,771220,534.1368009676612,761713.0624916712,70,115761,55.53950093092814,91549.8101994413,552,791773,537.5395009309282,767561.8101994414
4102,20.351550741154877,22.921606356748715,85,101141,84.37902881593543,100203.46913227948,571,765205,570.3790288159354,764267.4691322796,86,103832,84.56088609066478,100692.84705857615,572,767896,570.5608860906647,764756.8470585763
