geoid,carea,cperim,dperim_0.5,dpperim_0.5,dperim_pro_0.5,dpperim_pro_0.5,darea_0.5,dparea_0.5,darea_pro_0.5,dparea_pro_0.5,dperim_0.1,dpperim_0.1,dperim_pro_0.1,dpperim_pro_0.1,darea_0.1,dparea_0.1,darea_pro_0.1,dparea_pro_0.1
2101,3.2960115990065795,17.649438529847536,130,151358,129.48735304946086,150780.54369578802,595,722765,594.487353049461,722187.5436957881,131,152591,129.90439898846483,151294.76133857988,596,723998,594.904398988465,722701.76133858
2104,1.2010514789417412,9.831858726770616,128,171146,123.29845052287972,163316.0225535655,496,726346,491.29845052287953,718516.0225535652,133,180164,124.61610907339129,165607.05193215067,501,735364,492.61610907339104,720807.0519321503
2103,0.08963784221964423,1.6405425804700946,29,50379,28.459299410027935,49319.64509394977,562,721540,561.459299410028,720480.64509395,34,57145,29.87207355794974,51238.290644029694,567,728306,562.8720735579498,722399.2906440299
2102,1.935491531998075,13.20012830653757,102,141433,99.69473173543167,138040.09079067752,509,721922,506.6947317354316,718529.0907906775,106,150946,100.84292785595295,141109.08102195724,513,731435,507.8429278559529,721598.0810219572
2106,1.1558141118809986,7.677966235560946,55,80565,53.799947660214144,78834.87529319325,515,724467,513.799947660214,722736.8752931932,59,87460,54.62784986109701,80042.59044266143,519,731362,514.6278498610969,723944.5904426614
2105,2.990785249429982,11.586625899983236,101,117744,100.14507154362727,116626.31002542928,608,722327,607.1450715436273,721209.310025429,104,123144,101.14883739812997,118250.55184769789,611,727727,608.1488373981299,722833.5518476978
