geoid,carea,cperim,dperim_0.5,dpperim_0.5,dperim_pro_0.5,dpperim_pro_0.5,darea_0.5,dparea_0.5,darea_pro_0.5,dparea_pro_0.5,dperim_0.1,dpperim_0.1,dperim_pro_0.1,dpperim_pro_0.1,darea_0.1,dparea_0.1,darea_pro_0.1,dparea_pro_0.1
4902,11.047737321014798,18.908681532014988,44,220614,42.448987464269656,212045.7078824267,147,709007,145.44898746426958,700438.7078824267,48,240587,43.62127195508041,218167.31094003416,151,728980,146.62127195508035,706560.3109400341
4903,5.427111275956252,17.703848454814413,51,229526,49.771176154899806,223212.59266202836,164,692274,162.77117615489976,685960.5926620283,56,254979,51.110375278952,230380.52864620867,169,717727,164.11037527895195,693128.5286462086
4901,5.765299798621191,15.807461084321593,26,108769,25.620358758913223,106660.10360440142,145,680128,144.62035875891323,678019.1036044015,27,113169,26.001150298084195,108335.58637675371,146,684528,145.0011502980842,679694.5863767538
4904,0.7347273603884986,5.853971925398186,44,210462,41.33009127894023,196486.8469512506,132,682476,129.33009127894022,668500.8469512506,50,244818,42.78173306411476,204883.40664968747,138,716832,130.78173306411472,676897.4066496877
