geoid,carea,cperim,dperim_0.5,dpperim_0.5,dperim_pro_0.5,dpperim_pro_0.5,darea_0.5,dparea_0.5,darea_pro_0.5,dparea_pro_0.5,dperim_0.1,dpperim_0.1,dperim_pro_0.1,dpperim_pro_0.1,darea_0.1,dparea_0.1,darea_pro_0.1,dparea_pro_0.1
4402,0.22711120205571922,2.7520832712381353,82,92692,73.28591800166711,84280.30016990929,388,518193,379.2859180016672,509781.3001699092,98,108998,78.22616652317465,89275.03928509004,404,534499,384.2261665231747,514776.03928508994
4401,0.08212475085477705,3.3381680143974277,105,141580,92.85052570209251,126610.26598806433,406,516903,393.8505257020924,501933.2659880643,129,168071,99.98693889407338,134661.51000039122,430,543394,400.9869388940733,509984.5100003911
