geoid,carea,cperim,dperim_0.5,dpperim_0.5,dperim_pro_0.5,dpperim_pro_0.5,darea_0.5,dparea_0.5,darea_pro_0.5,dparea_pro_0.5,dperim_0.1,dpperim_0.1,dperim_pro_0.1,dpperim_pro_0.1,darea_0.1,dparea_0.1,darea_pro_0.1,dparea_pro_0.1
2804,1.9945217861137785,8.806275747574823,39,208795,35.25519495668219,192373.8454018261,145,728558,141.2551949566822,712136.8454018262,47,227881,37.78522173108915,198517.00554008968,153,747644,143.78522173108917,718280.0055400898
2801,2.7181180938700162,9.79907252189891,49,235135,48.8778829135168,234611.36368254916,160,738676,159.87788291351671,738152.3636825492,51,249979,49.69369651457085,240611.19812659535,162,753520,160.6936965145708,744152.1981265954
2802,3.988665452911302,17.338791189623887,54,241616,52.71570988962719,235060.31779386057,192,748075,190.71570988962713,741519.3177938604,60,265099,54.403040596667594,241825.75318226987,198,771558,192.40304059666755,748284.7531822696
2803,3.1868077839679145,15.032088412015838,61,303924,57.76617512848586,288121.2504571882,158,740808,154.76617512848586,725005.250457188,64,321909,58.8612350580944,293684.61281104037,161,758793,155.86123505809442,730568.6128110401
