geoid,carea,cperim,dperim_0.5,dpperim_0.5,dperim_pro_0.5,dpperim_pro_0.5,darea_0.5,dparea_0.5,darea_pro_0.5,dparea_pro_0.5,dperim_0.1,dpperim_0.1,dperim_pro_0.1,dpperim_pro_0.1,darea_0.1,dparea_0.1,darea_pro_0.1,dparea_pro_0.1
0902,0.5732374684499715,4.122168498267601,51,239564,47.31269998757883,225184.36277180188,156,716677,152.31269998757884,702297.362771802,51,239564,47.31269998757883,225184.36277180188,156,716677,152.31269998757884,702297.362771802
0903,0.13553742845612998,2.5332067890032812,57,282681,50.97863502632022,256676.68822397964,155,718533,148.97863502632018,692528.6882239797,62,301952,52.304988668394735,261747.5802809198,160,737804,150.30498866839469,697599.5802809198
0901,0.195294020399582,3.5948805823122627,54,258121,53.06031282420249,254062.87109091005,178,718584,177.06031282420253,714525.8710909102,57,270268,53.68460395024901,256670.49435481188,181,730731,177.68460395024906,717133.494354812
0904,0.1323343488447461,2.3638324222539993,47,214791,43.394208372919216,199513.02719420212,162,699179,158.3942083729192,683901.0271942023,53,232789,45.15572759106303,204718.13537941047,168,717177,160.15572759106303,689106.1353794105
0905,0.3587576797375725,4.261376308739235,67,292146,65.35751619920465,285607.8621452588,173,707908,171.35751619920475,701369.8621452585,71,308930,66.8134236390528,291766.97757743817,177,724692,172.81342363905293,707528.977577438
