geoid,carea,cperim,dperim_0.5,dpperim_0.5,dperim_pro_0.5,dpperim_pro_0.5,darea_0.5,dparea_0.5,darea_pro_0.5,dparea_pro_0.5,dperim_0.1,dpperim_0.1,dperim_pro_0.1,dpperim_pro_0.1,darea_0.1,dparea_0.1,darea_pro_0.1,dparea_pro_0.1
2205,3.6696908566434456,20.113492075332317,116,165387,113.84884011471092,162193.54711433218,569,748980,566.8488401147107,745786.5471143323,128,185847,117.33553514726869,168257.0148211457,581,769440,570.3355351472685,751850.0148211459
2201,1.4149327891092682,17.42821454250132,137,182725,122.09173984851583,163411.4417514489,567,762225,552.0917398485159,742911.4417514491,165,216133,130.60560373777793,173878.91862403613,595,795633,560.6056037377781,753378.9186240364
2202,0.3566198198920244,8.034505880516502,148,199272,133.62160148762572,176913.86340420874,767,754747,752.621601487626,732388.863404209,189,252295,144.83942690608228,192076.10037242196,808,807770,763.8394269060826,747551.1003724224
2203,1.8932651916728986,9.887565829577168,45,65911,43.76575367009471,64722.1318710144,521,751727,519.7657536700948,750538.1318710146,49,71327,45.36186632220529,66863.47742749203,525,757143,521.3618663222053,752679.4774274924
2204,3.173471918643094,13.956532719722388,100,126933,97.70840423966801,123226.70110269141,595,758347,592.7084042396681,754640.7011026917,104,133200,98.96760382665533,125144.78772206459,599,764614,593.9676038266554,756558.7877220649
2206,1.075006629079761,12.618250944656936,120,195586,111.89141351411156,182565.944350363,438,754200,429.8914135141115,741179.9443503629,153,250921,121.04717940070103,199279.10195094883,471,809535,439.04717940070105,757893.1019509486
