geoid,carea,cperim,dperim_0.5,dpperim_0.5,dperim_pro_0.5,dpperim_pro_0.5,darea_0.5,dparea_0.5,darea_pro_0.5,dparea_pro_0.5,dperim_0.1,dpperim_0.1,dperim_pro_0.1,dpperim_pro_0.1,darea_0.1,dparea_0.1,darea_pro_0.1,dparea_pro_0.1
4001,0.4385574192825077,4.936360562640808,32,121895,31.339375930751203,119956.51770554471,215,745837,214.33937593075123,743898.5177055446,36,137555,32.277966327653715,123757.24396711713,219,761497,215.27796632765373,747699.243967117
4004,2.528473390449487,10.635622019590853,41,157157,40.359486745911106,154235.81732987417,192,746381,191.35948674591114,743459.8173298741,44,172321,41.308222251705004,159068.43975919305,195,761545,192.30822225170502,748292.439759193
4002,5.572131449393017,14.704110700325472,59,224842,58.20433552737641,222133.62415422726,197,755600,196.20433552737646,752891.6241542272,59,224842,58.20433552737641,222133.62415422726,197,755600,196.20433552737646,752891.6241542272
4005,0.5382694394159984,4.9063574068706135,45,175690,43.60862608308948,169389.70530405155,246,754523,244.60862608308946,748222.7053040514,46,182239,43.94162113478439,171570.4898976015,247,761072,244.94162113478438,750403.4898976014
4003,8.927550316618653,20.803324053375455,61,224890,60.61441264886421,222923.0346536565,196,749010,195.61441264886426,747043.0346536563,63,229383,61.204160373692545,224298.18930896165,198,753503,196.2041603736926,748418.1893089614
