geoid,carea,cperim,dperim_0.5,dpperim_0.5,dperim_pro_0.5,dpperim_pro_0.5,darea_0.5,dparea_0.5,darea_pro_0.5,dparea_pro_0.5,dperim_0.1,dpperim_0.1,dperim_pro_0.1,dpperim_pro_0.1,darea_0.1,dparea_0.1,darea_pro_0.1,dparea_pro_0.1
1601,11.884208658082933,25.891969815209837,51,260674,50.484431257307854,258529.60935822214,138,787676,137.48443125730782,785531.6093582222,52,267725,50.62219587813732,259500.98769969068,139,794727,137.6221958781373,786502.9876996907
1602,12.573483689996198,20.950394280985346,29,137076,28.748660893594895,135381.6528629622,160,779906,159.74866089359492,778211.6528629622,30,140989,28.996517442199046,136351.51553765024,161,783819,159.99651744219906,779181.5155376503
