geoid,carea,cperim,dperim_0.5,dpperim_0.5,dperim_pro_0.5,dpperim_pro_0.5,darea_0.5,dparea_0.5,darea_pro_0.5,dparea_pro_0.5,dperim_0.1,dpperim_0.1,dperim_pro_0.1,dpperim_pro_0.1,darea_0.1,dparea_0.1,darea_pro_0.1,dparea_pro_0.1
4600,22.578350100485164,23.36176240130882,52,183228,51.959816975802326,183095.86995000887,222,814180,221.9598169758023,814047.869950009,52,183228,51.959816975802326,183095.86995000887,222,814180,221.9598169758023,814047.869950009
