geoid,carea,cperim,dperim_0.5,dpperim_0.5,dperim_pro_0.5,dpperim_pro_0.5,darea_0.5,dparea_0.5,darea_pro_0.5,dparea_pro_0.5,dperim_0.1,dpperim_0.1,dperim_pro_0.1,dpperim_pro_0.1,darea_0.1,dparea_0.1,darea_pro_0.1,dparea_pro_0.1
2907,1.6701055645380465,6.802337269437589,48,67638,47.71889103834152,67212.90650474127,504,748683,503.7188910383416,748257.9065047414,50,70179,48.428428895872834,68146.87230944511,506,751224,504.42842889587297,749191.8723094452
2901,0.06355444570233551,1.5347809805152424,58,67838,51.57187250218736,60335.31744421579,697,749947,690.5718725021878,742444.3174442156,73,86092,55.431007244067146,64964.79956212467,712,768201,694.4310072440677,747073.7995621247
2904,3.9185175473529585,14.191757732773707,96,130964,93.4253775805208,127671.29238914423,536,750565,533.4253775805206,747272.2923891442,104,145761,94.96343302776414,130318.93233599073,544,765362,534.9634330277639,749919.9323359907
2906,5.021786834312988,16.684988344557173,113,134691,108.12111316884332,126062.13305769926,608,755789,603.1211131688434,747160.1330576993,123,145082,111.40027399555865,129541.30625009391,618,766180,606.4002739955587,750639.306250094
2905,0.6633173494210008,6.462235443486125,86,126025,81.39353980754778,119480.25997261342,641,741078,636.3935398075477,734533.2599726133,99,148521,85.91161502157196,127523.24665222023,654,763574,640.9116150215718,742576.2466522201
2902,0.12848742506965993,2.3235678786768053,72,127943,64.44540301835256,114377.0939018106,439,746960,431.4454030183526,733394.0939018108,108,188888,73.49274746305218,128788.97570663462,475,807905,440.4927474630522,747805.9757066352
2908,5.2764923940243955,13.777730441016814,94,107086,92.49311905567683,105163.89187407128,629,747017,627.4931190556769,745094.8918740712,97,113234,93.16093109304393,106537.99379861142,632,753165,628.1609310930439,746468.9937986113
2903,1.8733140521116318,9.678744921978238,116,202342,110.27499389175897,190433.61048545557,452,748888,446.2749938917589,736979.6104854557,135,242870,115.07902865485053,200582.64749853525,471,789416,451.0790286548505,747128.6474985355
