geoid,carea,cperim,dperim_0.5,dpperim_0.5,dperim_pro_0.5,dpperim_pro_0.5,darea_0.5,dparea_0.5,darea_pro_0.5,dparea_pro_0.5,dperim_0.1,dpperim_0.1,dperim_pro_0.1,dpperim_pro_0.1,darea_0.1,dparea_0.1,darea_pro_0.1,dparea_pro_0.1
5403,2.608551705613952,12.700753979565082,114,133721,113.11638746340384,132783.55996859184,517,616141,516.1163874634038,615203.5599685918,114,133721,113.11638746340384,132783.55996859184,517,616141,516.1163874634038,615203.5599685918
5401,1.7168377698325206,11.645425468305648,139,157299,138.10274408267705,156445.59342514284,588,615991,587.1027440826772,615137.5934251428,139,157299,138.10274408267705,156445.59342514284,588,615991,587.1027440826772,615137.5934251428
5402,2.168019798354981,15.921278171009185,122,164902,121.44335184898748,164172.1474821551,487,620862,486.4433518489874,620132.1474821554,123,165852,121.84243062462062,164551.2723190066,488,621812,486.84243062462053,620511.2723190069
