geoid,carea,cperim,dperim_0.5,dpperim_0.5,dperim_pro_0.5,dpperim_pro_0.5,darea_0.5,dparea_0.5,darea_pro_0.5,dparea_pro_0.5,dperim_0.1,dpperim_0.1,dperim_pro_0.1,dpperim_pro_0.1,darea_0.1,dparea_0.1,darea_pro_0.1,dparea_pro_0.1
1198,0.018377138038502015,0.647848098683523,22,79072,21.704682448978446,78188.36726771906,179,601723,178.70468244897842,600839.3672677192,22,79072,21.704682448978446,78188.36726771906,179,601723,178.70468244897842,600839.3672677192
