geoid,carea,cperim,dperim_0.5,dpperim_0.5,dperim_pro_0.5,dpperim_pro_0.5,darea_0.5,dparea_0.5,darea_pro_0.5,dparea_pro_0.5,dperim_0.1,dpperim_0.1,dperim_pro_0.1,dpperim_pro_0.1,darea_0.1,dparea_0.1,darea_pro_0.1,dparea_pro_0.1
3103,18.966116521848132,26.86858150458359,60,180997,59.94899201410968,180779.8020098226,191,609053,190.94899201410968,608835.8020098226,60,180997,59.94899201410968,180779.8020098226,191,609053,190.94899201410968,608835.8020098226
3101,2.501806123113922,10.000274107333793,48,178739,47.823038188527576,178038.99503964215,161,605675,160.82303818852753,604974.9950396421,50,189281,48.31050494242674,180602.57661928362,163,616217,161.3105049424267,607538.5766192836
3102,0.14656635549444832,2.0352930722758757,21,73750,20.391066279612243,70865.87405797816,180,611613,179.39106627961226,608728.8740579782,21,73750,20.391066279612243,70865.87405797816,180,611613,179.39106627961226,608728.8740579782
