geoid,carea,cperim,dperim_0.5,dpperim_0.5,dperim_pro_0.5,dpperim_pro_0.5,darea_0.5,dparea_0.5,darea_pro_0.5,dparea_pro_0.5,dperim_0.1,dpperim_0.1,dperim_pro_0.1,dpperim_pro_0.1,darea_0.1,dparea_0.1,darea_pro_0.1,dparea_pro_0.1
3800,21.839789564623327,21.58926233836184,78,97507,76.61286378249797,95751.74095486054,572,672591,570.6128637824982,670835.7409548602,78,97507,76.61286378249797,95751.74095486054,572,672591,570.6128637824982,670835.7409548602
