geoid,carea,cperim,dperim_0.5,dpperim_0.5,dperim_pro_0.5,dpperim_pro_0.5,darea_0.5,dparea_0.5,darea_pro_0.5,dparea_pro_0.5,dperim_0.1,dpperim_0.1,dperim_pro_0.1,dpperim_pro_0.1,darea_0.1,dparea_0.1,darea_pro_0.1,dparea_pro_0.1
0200,282.22848143597776,393.7671142929257,57,189967,46.97712775976333,155524.8644043108,153,642730,142.97712775976333,608287.8644043109,71,257468,51.580816303634634,176508.45383846288,167,710231,147.5808163036346,629271.4538384629
