geoid,carea,cperim,dperim_0.5,dpperim_0.5,dperim_pro_0.5,dpperim_pro_0.5,darea_0.5,dparea_0.5,darea_pro_0.5,dparea_pro_0.5,dperim_0.1,dpperim_0.1,dperim_pro_0.1,dpperim_pro_0.1,darea_0.1,dparea_0.1,darea_pro_0.1,dparea_pro_0.1
4904,0.7347273603884986,5.853971925398186,72,118763,69.42050886429662,114874.58037562727,388,680835,385.42050886429666,676946.5803756269,84,143556,72.75992105435814,122646.46954404487,400,705628,388.7599210543583,684718.4695440446
4902,11.047737321014798,18.908681532014988,62,123015,59.07174963469855,115364.96563964896,416,704133,413.0717496346986,696482.9656396493,68,131056,60.3451177956686,117058.20131611604,422,712174,414.34511779566867,698176.2013161163
4903,5.427111275956252,17.703848454814413,83,124205,80.06375309059887,119813.54581301773,456,693109,453.06375309059894,688717.5458130175,88,131364,81.16315437776706,121277.66343902795,461,700268,454.16315437776717,690181.6634390276
4901,5.765299798621191,15.807461084321593,38,46829,37.33358342003844,45925.46154068985,430,685808,429.3335834200385,684904.4615406899,41,52497,38.204374952103116,47620.237484237834,433,691476,430.20437495210325,686599.2374842378
