geoid,carea,cperim,dperim_0.5,dpperim_0.5,dperim_pro_0.5,dpperim_pro_0.5,darea_0.5,dparea_0.5,darea_pro_0.5,dparea_pro_0.5,dperim_0.1,dpperim_0.1,dperim_pro_0.1,dpperim_pro_0.1,darea_0.1,dparea_0.1,darea_pro_0.1,dparea_pro_0.1
3201,0.0272164880720009,0.7502473742667024,34,138330,31.85661118528285,128837.09203260548,177,666177,174.85661118528287,656684.0920326054,46,181898,35.676616388479154,142746.0850072033,189,709745,178.67661638847918,670593.0850072032
3203,0.7449781542741132,4.572989257822975,25,110137,22.055920995238115,98887.97342190599,163,686195,160.05592099523813,674945.973421906,29,128411,22.96314127392266,103302.44332174094,167,704469,160.96314127392267,679360.443321741
3202,15.53609964059723,18.721629354323326,23,61826,22.486689502241838,59116.14585981446,181,680318,180.48668950224183,677608.1458598145,23,61826,22.486689502241838,59116.14585981446,181,680318,180.48668950224183,677608.1458598145
3204,13.629173031284951,18.02013519138746,36,132024,34.00182533479089,123897.16033143451,166,667861,164.00182533479088,659734.1603314347,42,159724,35.72702364796119,132236.67527767824,172,695561,165.7270236479612,668073.6752776783
