geoid,carea,cperim,dperim_0.5,dpperim_0.5,dperim_pro_0.5,dpperim_pro_0.5,darea_0.5,dparea_0.5,darea_pro_0.5,dparea_pro_0.5,dperim_0.1,dpperim_0.1,dperim_pro_0.1,dpperim_pro_0.1,darea_0.1,dparea_0.1,darea_pro_0.1,dparea_pro_0.1
3201,0.0272164880720009,0.7502473742667024,59,84490,54.61094063460588,79158.96722710381,510,672409,505.61094063460587,667077.9672271039,73,108554,58.68907402800026,86575.12773116249,524,696473,509.6890740280003,674494.1277311626
3203,0.7449781542741132,4.572989257822975,33,71907,30.559806121333196,65893.71976996641,397,677948,394.5598061213332,671934.7197699664,42,88182,32.50296510698658,69731.62722028123,406,694223,396.5029651069866,675772.6272202814
3204,13.629173031284951,18.02013519138746,59,86405,54.99724460445809,80079.85068565387,436,673183,431.99724460445805,666857.850685654,70,100195,58.24178942751448,83842.12225584147,447,686973,435.2417894275144,670620.1222558415
3202,15.53609964059723,18.721629354323326,32,32162,31.329530601460124,31515.4680187971,493,677011,492.32953060146014,676364.468018797,32,32162,31.329530601460124,31515.4680187971,493,677011,492.32953060146014,676364.468018797
