geoid,carea,cperim,dperim_0.5,dpperim_0.5,dperim_pro_0.5,dpperim_pro_0.5,darea_0.5,dparea_0.5,darea_pro_0.5,dparea_pro_0.5,dperim_0.1,dpperim_0.1,dperim_pro_0.1,dpperim_pro_0.1,darea_0.1,dparea_0.1,darea_pro_0.1,dparea_pro_0.1
4505,1.4265577659130375,8.237112452169479,97,172622,93.75808990254804,167649.48905480155,420,658741,416.75808990254797,653768.4890548018,109,191040,97.01600352845783,172822.14549808466,432,677159,420.0160035284578,658941.1454980848
4503,1.3886145211331824,6.414074452194896,70,109064,66.72733562304857,102427.56034683477,456,666775,452.7273356230486,660138.5603468348,76,125112,68.5223418946377,107528.2550945623,462,682823,454.52234189463775,665239.2550945622
4504,0.3355259668443379,3.411193880913964,49,91766,45.98049117710282,84016.83517872974,407,656499,403.98049117710286,648749.8351787298,59,112914,48.83205979117441,90554.41024558576,417,677647,406.8320597911746,655287.4102455857
4506,2.097228401142506,15.215484562194991,166,241242,153.89525892704722,222880.36606768586,527,664665,514.8952589270469,646303.3660676859,202,304229,163.57920645922079,240244.75310192167,563,727652,524.5792064592205,663667.7531019219
4502,0.7826066635788433,6.7067974564822475,104,176118,97.17683708534284,164427.7212354197,406,663830,399.1768370853429,652139.7212354199,118,195659,101.43676223038406,170231.23127463213,420,683371,403.4367622303841,657943.2312746323
4501,0.4557284777866874,8.157340860929814,96,166138,90.24703643219401,156669.85769861305,377,652328,371.24703643219414,642859.857698613,118,202967,95.13262049994105,164947.40178465605,399,689157,376.13262049994125,651137.4017846561
4507,1.3805162862169378,6.975418907079892,78,97275,76.77461096630152,95863.0914983144,459,661496,457.77461096630134,660084.0914983146,79,98126,76.96910801784,96028.60848917364,460,662347,457.9691080178398,660249.6084891739
