geoid,carea,cperim,dperim_0.5,dpperim_0.5,dperim_pro_0.5,dpperim_pro_0.5,darea_0.5,dparea_0.5,darea_pro_0.5,dparea_pro_0.5,dperim_0.1,dpperim_0.1,dperim_pro_0.1,dpperim_pro_0.1,darea_0.1,dparea_0.1,darea_pro_0.1,dparea_pro_0.1
5600,27.971855697274403,21.9965845140564,26,119618,25.997903646694557,119607.79030005586,132,563626,131.99790364669454,563615.7903000559,26,119618,25.997903646694557,119607.79030005586,132,563626,131.99790364669454,563615.7903000559
