geoid,carea,cperim,dperim_0.5,dpperim_0.5,dperim_pro_0.5,dpperim_pro_0.5,darea_0.5,dparea_0.5,darea_pro_0.5,dparea_pro_0.5,dperim_0.1,dpperim_0.1,dperim_pro_0.1,dpperim_pro_0.1,darea_0.1,dparea_0.1,darea_pro_0.1,dparea_pro_0.1
1501,0.04799404270214293,1.4003379231940878,43,166521,37.354073875727416,150384.9433478654,172,666023,166.3540738757274,649886.9433478654,51,188756,39.944055820700875,156415.94669413698,180,688258,168.94405582070087,655917.946694137
1502,1.3937859590118538,13.278657521350125,92,445181,80.21974602677075,389078.46469452506,140,655419,128.2197460267707,599316.464694525,100,472103,82.74411545863931,397926.10208670935,148,682341,130.7441154586393,608164.1020867093
