geoid,carea,cperim,dperim_0.5,dpperim_0.5,dperim_pro_0.5,dpperim_pro_0.5,darea_0.5,dparea_0.5,darea_pro_0.5,dparea_pro_0.5,dperim_0.1,dpperim_0.1,dperim_pro_0.1,dpperim_pro_0.1,darea_0.1,dparea_0.1,darea_pro_0.1,dparea_pro_0.1
2106,1.1558141118809986,7.677966235560946,34,127471,33.55558599460756,126051.16190028278,190,722413,189.5555859946076,720993.1619002827,36,141432,34.017492125027964,129422.72336517577,192,736374,190.017492125028,724364.7233651757
2104,1.2010514789417412,9.831858726770616,67,259762,65.10845090352609,251674.60506937385,174,719878,172.10845090352612,711790.6050693736,71,276861,66.09972665366078,256088.30245843658,178,736977,173.09972665366078,716204.3024584365
2105,2.990785249429982,11.586625899983236,64,239499,63.49987486872032,237418.8483868141,194,726565,193.4998748687202,724484.8483868145,64,239499,63.49987486872032,237418.8483868141,194,726565,193.4998748687202,724484.8483868145
2103,0.08963784221964423,1.6405425804700946,23,98953,22.446008247173058,96361.93611967437,186,720287,185.4460082471731,717695.9361196745,26,108823,23.331678125250974,99571.04919518277,189,730157,186.33167812525102,720905.0491951829
2102,1.935491531998075,13.20012830653757,66,263362,64.66721299667476,256553.4620263754,175,727459,173.66721299667475,720650.4620263753,67,269036,65.03777871504627,258656.05191241525,176,733133,174.03777871504624,722753.0519124152
2101,3.2960115990065795,17.649438529847536,86,294872,85.73717217608608,294120.1952580056,196,722765,195.73717217608618,722013.1952580054,87,297117,85.971669752177,294646.64231632964,197,725010,195.9716697521771,722539.6423163296
