geoid,carea,cperim,dperim_0.5,dpperim_0.5,dperim_pro_0.5,dpperim_pro_0.5,darea_0.5,dparea_0.5,darea_pro_0.5,dparea_pro_0.5,dperim_0.1,dpperim_0.1,dperim_pro_0.1,dpperim_pro_0.1,darea_0.1,dparea_0.1,darea_pro_0.1,dparea_pro_0.1
2708,9.275572623604438,19.391493957259893,50,201707,47.17706988626848,192380.98677765456,181,659012,178.17706988626847,649685.9867776546,57,224569,49.30979876645512,198580.18446558574,188,681874,180.30979876645515,655885.1844655857
2704,0.10760985875374635,1.5620616390121906,33,134878,31.454463690819388,128873.53213269086,171,659818,169.45446369081938,653813.5321326907,37,150863,32.44603739395569,133284.57376125356,175,675803,170.4460373939557,658224.5737612535
2702,0.7423860101563783,5.403433348133696,37,173869,35.52374542887922,167593.21258136551,144,660795,142.52374542887924,654519.2125813655,44,206204,37.51892761005794,177365.22732857536,151,693130,144.51892761005794,664291.2273285756
2707,10.762359305021324,20.907958583653926,72,235045,69.88131334096363,225989.71238881556,200,665340,197.8813133409636,656284.7123888156,75,248830,70.66547588223993,229122.94192331706,203,679125,198.6654758822399,659417.941923317
2701,3.534830281812507,12.740061965972178,41,166677,39.72025541331972,160178.32487265044,168,670616,166.72025541331973,664117.3248726504,41,166677,39.72025541331972,160178.32487265044,168,670616,166.72025541331973,664117.3248726504
2705,0.04209220335199971,1.0693819893117955,29,108095,27.910191267913277,103581.39974165695,198,662883,196.9101912679133,658369.3997416571,32,116810,28.41769262420609,105013.5873974992,201,671598,197.41769262420613,659801.5873974992
2706,0.9021769690470303,6.893801448044339,51,286368,50.6212964576722,283956.17573157314,126,655917,125.62129645767223,653505.1757315734,53,296455,51.37178513337311,287323.45940311305,128,666004,126.37178513337312,656872.4594031132
2703,0.1724823135554993,2.4469310436969067,50,235562,48.76810621282696,229940.84409810536,144,664206,142.76810621282695,658584.8440981053,55,259085,49.539502823130604,233500.94481880686,149,687729,143.53950282313056,662144.9448188067
