geoid,carea,cperim,dperim_0.5,dpperim_0.5,dperim_pro_0.5,dpperim_pro_0.5,darea_0.5,dparea_0.5,darea_pro_0.5,dparea_pro_0.5,dperim_0.1,dpperim_0.1,dperim_pro_0.1,dpperim_pro_0.1,darea_0.1,dparea_0.1,darea_pro_0.1,dparea_pro_0.1
1902,3.45517506226898,11.691839199465383,113,125750,112.770332240195,125515.55693944138,640,761624,639.7703322401948,761389.5569394421,113,125750,112.770332240195,125515.55693944138,640,761624,639.7703322401948,761389.5569394421
1904,6.496666951402345,14.134909477552585,84,81839,83.69319685092184,81527.09765884289,755,761571,754.6931968509217,761259.0976588427,84,81839,83.69319685092184,81527.09765884289,755,761571,754.6931968509217,761259.0976588427
1901,3.4447519675629104,12.826908925237296,99,97988,98.86041679910768,97835.60022259191,636,761548,635.8604167991075,761395.6002225919,99,97988,98.86041679910768,97835.60022259191,636,761548,635.8604167991075,761395.6002225919
1903,2.4605248620162987,8.37147134646014,61,68131,60.647866886828695,67803.1849917221,599,761612,598.6478668868286,761284.1849917221,61,68131,60.647866886828695,67803.1849917221,599,761612,598.6478668868286,761284.1849917221
