geoid,carea,cperim,dperim_0.5,dpperim_0.5,dperim_pro_0.5,dpperim_pro_0.5,darea_0.5,dparea_0.5,darea_pro_0.5,dparea_pro_0.5,dperim_0.1,dpperim_0.1,dperim_pro_0.1,dpperim_pro_0.1,darea_0.1,dparea_0.1,darea_pro_0.1,dparea_pro_0.1
5000,2.7977683502912893,9.403472687638603,84,95201,83.6667450493292,94847.09085831344,522,625741,521.6667450493292,625387.0908583136,84,95201,83.6667450493292,94847.09085831344,522,625741,521.6667450493292,625387.0908583136
