geoid,carea,cperim,dperim_0.5,dpperim_0.5,dperim_pro_0.5,dpperim_pro_0.5,darea_0.5,dparea_0.5,darea_pro_0.5,dparea_pro_0.5,dperim_0.1,dpperim_0.1,dperim_pro_0.1,dpperim_pro_0.1,darea_0.1,dparea_0.1,darea_pro_0.1,dparea_pro_0.1
0502,1.304445545631998,7.767642398424337,53,88252,52.76158698748497,87878.44852774339,494,729192,493.7615869874849,728818.4485277433,53,88252,52.76158698748497,87878.44852774339,494,729192,493.7615869874849,728818.4485277433
0503,1.4351097429461654,10.993004355645873,76,127292,72.61734343255445,121277.56138062254,450,731114,446.6173434325545,725099.5613806226,83,136491,74.53613012729052,123677.07733216324,457,740313,448.53613012729045,727499.0773321633
0501,5.0808139777279235,21.812505182021315,112,139000,111.05892692028497,138102.01974943362,606,729077,605.0589269202851,728179.0197494336,114,140334,111.82989713356694,138628.74050679838,608,730411,605.829897133567,728705.7405067984
0504,5.764904753899413,15.706015655976849,101,132255,98.17064605507885,128837.32970740253,597,726535,594.1706460550791,723117.3297074022,109,145861,101.19703640658365,134188.66629809822,605,740141,597.1970364065838,728468.6662980979
