geoid,carea,cperim,dperim_0.5,dpperim_0.5,dperim_pro_0.5,dpperim_pro_0.5,darea_0.5,dparea_0.5,darea_pro_0.5,dparea_pro_0.5,dperim_0.1,dpperim_0.1,dperim_pro_0.1,dpperim_pro_0.1,darea_0.1,dparea_0.1,darea_pro_0.1,dparea_pro_0.1
3501,1.175453797746497,7.308764929499544,22,111734,21.027947943042125,106748.71564526156,156,677544,155.02794794304214,672558.7156452615,30,149275,23.196993683041377,117089.4136231127,164,715085,157.1969936830414,682899.4136231128
3502,18.046581210017266,23.57604523595437,42,170091,39.87603638579648,161774.84985462754,168,700270,165.87603638579645,691953.8498546277,47,192010,40.90794795394511,165679.05243988655,173,722189,166.90794795394507,695858.0524398867
3503,11.670881306737124,19.837373852187923,49,197578,47.21492478054331,190192.44273729555,175,681365,173.21492478054333,673979.4427372955,54,217920,48.33961546643919,194338.3393497357,180,701707,174.33961546643917,678125.3393497358
