geoid,carea,cperim,dperim_0.5,dpperim_0.5,dperim_pro_0.5,dpperim_pro_0.5,darea_0.5,dparea_0.5,darea_pro_0.5,dparea_pro_0.5,dperim_0.1,dpperim_0.1,dperim_pro_0.1,dpperim_pro_0.1,darea_0.1,dparea_0.1,darea_pro_0.1,dparea_pro_0.1
4104,5.025539965050975,11.690034940996899,34,143731,32.255280761142785,136244.69856511516,172,771365,170.25528076114279,763878.6985651151,35,148529,32.396928245290255,136924.32319405474,173,776163,170.39692824529027,764558.3231940547
4101,0.9210354091894807,6.545311330347921,46,202523,43.44610605057176,192190.42314385087,155,763683,152.44610605057173,753350.4231438509,51,219787,44.95005322623039,197326.61198350304,160,780947,153.95005322623038,758486.611983503
4105,1.5504744960240955,11.558963077968183,58,247027,55.479825976650716,236893.1944498906,158,759047,155.47982597665074,748913.1944498905,66,281735,57.47478198178525,245260.38654756846,166,793755,157.47478198178527,757280.3865475684
4102,20.351550741154877,22.921606356748715,48,194625,47.730384735526194,193130.22215399682,166,762549,165.7303847355262,761054.2221539968,50,203882,48.289477907386555,195706.8356738785,168,771806,166.28947790738655,763630.8356738786
4103,0.32914121628416504,3.885616646822954,35,151032,31.57530137251831,137246.51391719023,175,771304,171.57530137251828,757518.5139171901,44,189960,34.294558765401774,149070.6089578227,184,810232,174.29455876540172,769342.6089578227
