geoid,carea,cperim,dperim_0.5,dpperim_0.5,dperim_pro_0.5,dpperim_pro_0.5,darea_0.5,dparea_0.5,darea_pro_0.5,dparea_pro_0.5,dperim_0.1,dpperim_0.1,dperim_pro_0.1,dpperim_pro_0.1,darea_0.1,dparea_0.1,darea_pro_0.1,dparea_pro_0.1
2401,1.1936102952502705,13.912056248974334,84,356361,75.59133833303783,322597.47104977164,169,729269,160.59133833303784,695505.4710497713,95,406954,78.86426692616648,337190.1009542754,180,779862,163.86426692616647,710098.1009542751
2407,0.1332815978890012,3.5550327433860613,67,262308,59.61705241985813,232997.79290465615,201,712008,193.61705241985814,682697.7929046564,92,361549,66.49223921004334,257885.36559451456,226,811249,200.4922392100434,707585.3655945146
2406,0.5409321403604591,8.987599164610575,73,343908,67.74658015758804,319874.6103944496,167,741060,161.74658015758806,717026.6103944499,85,391647,70.86381008809835,332984.60591427627,179,788799,164.8638100880983,730136.6059142764
2405,0.4331021685639449,4.500158926829557,59,287703,53.43040237577138,259549.93618803102,152,724845,146.43040237577137,696691.9361880309,71,343878,57.351088280865525,279020.2887565285,164,781020,150.35108828086553,716162.2887565282
2403,0.08803015408319664,5.242219652359786,124,535034,107.47533434723343,464132.30661611096,176,727875,159.47533434723334,656973.3066161112,174,735815,122.5836057349275,523856.61196784355,226,928656,174.58360573492746,716697.6119678437
2408,0.23483937096443955,5.115165024112049,70,285964,64.19925945490728,261816.39526578394,173,708170,167.1992594549073,684022.395265784,97,410710,72.65514178461045,300474.19848122867,200,832916,175.6551417846104,722680.1984812286
2402,0.10914846791411248,4.646831433125146,92,376628,76.75907412393333,320883.50467001606,180,706187,164.75907412393326,650442.5046700161,131,539318,88.36323085717669,369288.5083747306,219,868877,176.36323085717663,698847.5083747304
2404,0.08439176300180688,2.954296835537796,76,330073,68.09031543700466,292295.18301287625,170,699916,162.09031543700468,662138.1830128762,93,427515,72.89627275210555,319496.9238063576,187,797358,166.89627275210563,689339.9238063577
