geoid,carea,cperim,dperim_0.5,dpperim_0.5,dperim_pro_0.5,dpperim_pro_0.5,darea_0.5,dparea_0.5,darea_pro_0.5,dparea_pro_0.5,dperim_0.1,dpperim_0.1,dperim_pro_0.1,dpperim_pro_0.1,darea_0.1,dparea_0.1,darea_pro_0.1,dparea_pro_0.1
3501,1.175453797746497,7.308764929499544,45,76944,42.58660151795047,71872.22356290171,455,681661,452.5866015179505,676589.2235629017,58,106113,46.10832002196121,79784.41272806968,468,710830,456.1083200219612,684501.4127280697
3503,11.670881306737124,19.837373852187923,76,114560,72.45678895539173,106878.1935203894,495,687822,491.4567889553916,680140.193520389,84,129139,74.90000693280064,111279.37089872545,503,702401,493.9000069328005,684541.3708987252
3502,18.046581210017266,23.57604523595437,63,100493,60.09902390218495,96499.33272199513,499,689696,496.09902390218497,685702.3327219951,71,111962,62.17574128826108,99497.40909234094,507,701165,498.17574128826107,688700.409092341
