geoid,carea,cperim,dperim_0.5,dpperim_0.5,dperim_pro_0.5,dpperim_pro_0.5,darea_0.5,dparea_0.5,darea_pro_0.5,dparea_pro_0.5,dperim_0.1,dpperim_0.1,dperim_pro_0.1,dpperim_pro_0.1,darea_0.1,dparea_0.1,darea_pro_0.1,dparea_pro_0.1
3000,45.07762484892736,35.130959653540906,58,58611,57.93563115637824,58539.32307391697,842,989415,841.9356311563782,989343.3230739167,58,58611,57.93563115637824,58539.32307391697,842,989415,841.9356311563782,989343.3230739167
