geoid,carea,cperim,dperim_0.5,dpperim_0.5,dperim_pro_0.5,dpperim_pro_0.5,darea_0.5,dparea_0.5,darea_pro_0.5,dparea_pro_0.5,dperim_0.1,dpperim_0.1,dperim_pro_0.1,dpperim_pro_0.1,darea_0.1,dparea_0.1,darea_pro_0.1,dparea_pro_0.1
0802,2.0876782071134343,9.546270083553003,77,123319,72.36531521571507,116273.44241219648,507,728309,502.36531521571493,721263.4424121965,90,141245,75.45344301641592,120233.1685136899,520,746235,505.45344301641575,725223.16851369
0806,0.1313059194679995,3.389675709762255,82,136800,74.77079524682826,123415.47504892614,460,707881,452.7619310715442,694494.6313004675,101,176936,80.60267018115664,135701.83062513417,479,748017,458.59380600587264,706780.9868766755
0807,0.09603097263699963,2.348858630363193,64,102168,59.06507379490491,93868.62985894608,494,719303,489.06507379490495,711003.6298589461,86,131936,64.40118908967706,101393.51736744161,516,749071,494.4011890896771,718528.5173674419
0804,10.319502504208083,18.323884346092196,65,100080,62.23228203684914,94719.90633988354,508,726304,505.2322820368492,720943.9063398837,73,116965,64.78228717304997,100120.32630280148,516,743189,507.78228717305,726344.3263028017
0803,13.395132460632338,21.266440989758685,55,67694,54.567815961540774,67106.39556471334,549,716550,548.5678159615408,715962.3955647135,58,74652,55.04778280751873,68229.63233271053,552,723508,549.0477828075187,717085.6323327107
0805,1.9575317952244988,7.717107894809694,35,55614,34.883853895583584,55419.82576715505,439,719205,438.88385389558357,719010.8257671552,36,57140,35.14615593470172,55820.09867884932,440,720731,439.1461559347017,719411.0986788494
0801,0.05206921031200007,2.17512198333604,94,149353,87.69474743413444,139869.92111831886,575,711644,568.6947474341342,702160.921118319,113,178406,92.39082200755078,146584.32662216894,594,740697,573.3908220075507,708875.326622169
