geoid,carea,cperim,dperim_0.5,dpperim_0.5,dperim_pro_0.5,dpperim_pro_0.5,darea_0.5,dparea_0.5,darea_pro_0.5,dparea_pro_0.5,dperim_0.1,dpperim_0.1,dperim_pro_0.1,dpperim_pro_0.1,darea_0.1,dparea_0.1,darea_pro_0.1,dparea_pro_0.1
1601,11.884208658082933,25.891969815209837,84,144130,82.93300510818439,142055.27170890445,435,787676,433.93300510818443,785601.2717089045,86,147622,83.4172490243092,142900.67117887296,437,791168,434.4172490243092,786446.671178873
1602,12.573483689996198,20.950394280985346,44,70716,43.31137620491873,69306.3195384786,528,779906,527.3113762049188,778496.3195384784,47,76141,43.948762621125525,70570.02183359157,531,785331,527.9487626211255,779760.0218335914
