geoid,carea,cperim,dperim_0.5,dpperim_0.5,dperim_pro_0.5,dpperim_pro_0.5,darea_0.5,dparea_0.5,darea_pro_0.5,dparea_pro_0.5,dperim_0.1,dpperim_0.1,dperim_pro_0.1,dpperim_pro_0.1,darea_0.1,dparea_0.1,darea_pro_0.1,dparea_pro_0.1
2509,0.37870517916032814,8.628785210671646,159,176746,141.84134883037845,160497.81188785555,576,713412,558.8413488303783,697163.8118878556,184,203470,150.1267972693833,169225.57237069245,601,740136,567.1267972693829,705891.5723706924
2508,0.09835080971682048,2.961813436351003,113,146800,102.23080049209574,134160.65665913053,570,700823,559.2308004920956,688183.6566591307,155,198012,113.66970151686432,148167.1228934871,612,752035,570.6697015168642,702190.1228934873
2503,0.22317028714150783,3.3687994988830585,85,131267,80.3342880890096,125765.53502854482,494,727976,489.3342880890097,722474.5350285448,91,141308,81.22047731981463,127245.24329338229,500,738017,490.22047731981473,723954.2432933822
2505,0.07921809543299672,2.2290643042123404,119,159305,107.00374017825496,143914.69079525225,593,715969,581.0037401782548,700578.6907952521,155,204049,116.53974573358032,155477.79911671227,629,760713,590.53974573358,712141.7991167122
2507,0.019498037941297952,1.3991635270781695,105,130163,90.16255802514102,113238.15751529786,627,747628,612.162558025141,730703.1575152978,167,204176,107.4092501205645,134118.45287246432,689,821641,629.4092501205645,751583.4528724643
2502,0.4858597852953911,4.519101303381496,81,138629,79.06642753601436,134986.96264086588,512,728766,510.0664275360144,725123.9626408659,88,144577,80.83500975122222,136369.68468424023,519,734714,511.83500975122223,726506.6846842404
2506,0.16110376644948984,2.6720027145165437,97,147211,88.13826417474222,136547.07194644786,518,716184,509.1382641747422,705520.0719464476,116,170222,94.14769633866104,143972.96634015563,537,739195,515.1476963386611,712945.9663401555
2501,0.6785062593656197,5.288185726980522,73,105765,72.41949689240052,104907.61457702529,578,727225,577.4194968924003,726367.6145770252,76,109460,73.14204044952288,105998.71001803107,581,730920,578.1420404495227,727458.710018031
2504,0.1971203386405565,3.4530923286632564,129,216887,119.73316410074699,202554.2494387365,457,708609,447.73316410074705,694276.2494387369,148,249045,124.40730245911853,210625.71100433008,476,740767,452.40730245911845,702347.7110043307
