geoid,carea,cperim,dperim_0.5,dpperim_0.5,dperim_pro_0.5,dpperim_pro_0.5,darea_0.5,dparea_0.5,darea_pro_0.5,dparea_pro_0.5,dperim_0.1,dpperim_0.1,dperim_pro_0.1,dpperim_pro_0.1,darea_0.1,dparea_0.1,darea_pro_0.1,dparea_pro_0.1
2301,1.054019739983664,11.09755947435788,136,165850,126.5214783555033,156293.00813605738,490,645760,480.5214783555032,636203.0081360574,163,184270,134.87721185620933,162174.28342213877,517,664180,488.87721185620916,642084.2834221388
2302,8.716885389635278,22.736398707038664,123,137943,114.01504541762966,127945.45284584994,549,652087,540.0150454176297,642089.45284585,138,151747,119.0445575081539,132599.40717564322,564,665891,545.0445575081538,646743.4071756434
