geoid,carea,cperim,dperim_0.5,dpperim_0.5,dperim_pro_0.5,dpperim_pro_0.5,darea_0.5,dparea_0.5,darea_pro_0.5,dparea_pro_0.5,dperim_0.1,dpperim_0.1,dperim_pro_0.1,dpperim_pro_0.1,darea_0.1,dparea_0.1,darea_pro_0.1,dparea_pro_0.1
2004,3.798709161219215,11.162717085925014,40,37808,39.93756437772528,37758.02442051899,563,712939,562.9375643777252,712889.0244205189,41,38894,40.292587993260355,38143.58006699008,564,714025,563.2925879932602,713274.5800669901
2002,3.8375746593661173,11.52516554717661,87,111430,85.88706080782734,109837.02937236156,580,713837,578.8870608078273,712244.0293723614,90,114143,86.95003289343624,110824.65124388279,583,716550,579.9500328934362,713231.6512438826
2003,0.2069022696921244,2.240058144730594,43,61163,42.5180817023599,60631.2119575118,544,711658,543.51808170236,711126.2119575121,46,65626,43.36845007114109,61893.28474950588,547,716121,544.3684500711411,712388.2847495062
2001,14.161078964201382,21.02653260132692,73,70049,71.53604098269275,68633.06056754841,664,714684,662.5360409826926,713268.0605675483,73,70049,71.53604098269275,68633.06056754841,664,714684,662.5360409826926,713268.0605675483
