geoid,carea,cperim,dperim_0.5,dpperim_0.5,dperim_pro_0.5,dpperim_pro_0.5,darea_0.5,dparea_0.5,darea_pro_0.5,dparea_pro_0.5,dperim_0.1,dpperim_0.1,dperim_pro_0.1,dpperim_pro_0.1,darea_0.1,dparea_0.1,darea_pro_0.1,dparea_pro_0.1
3000,45.07762484892736,35.130959653540906,46,108144,45.95535154545229,108031.83303973475,271,989415,270.95535154545223,989302.833039735,46,108144,45.95535154545229,108031.83303973475,271,989415,270.95535154545223,989302.833039735
