geoid,carea,cperim,dperim_0.5,dpperim_0.5,dperim_pro_0.5,dpperim_pro_0.5,darea_0.5,dparea_0.5,darea_pro_0.5,dparea_pro_0.5,dperim_0.1,dpperim_0.1,dperim_pro_0.1,dpperim_pro_0.1,darea_0.1,dparea_0.1,darea_pro_0.1,dparea_pro_0.1
5000,2.7977683502912893,9.403472687638603,52,176869,51.916692879449634,176594.933736387,184,625741,183.91669287944964,625466.9337363869,52,176869,51.916692879449634,176594.933736387,184,625741,183.91669287944964,625466.9337363869
