geoid,carea,cperim,dperim_0.5,dpperim_0.5,dperim_pro_0.5,dpperim_pro_0.5,darea_0.5,dparea_0.5,darea_pro_0.5,dparea_pro_0.5,dperim_0.1,dpperim_0.1,dperim_pro_0.1,dpperim_pro_0.1,darea_0.1,dparea_0.1,darea_pro_0.1,dparea_pro_0.1
0200,282.22848143597776,393.7671142929257,125,148269,103.61828838976068,121136.30478849975,504,670156,482.61828838976055,643023.3047884997,154,187047,112.15209539232433,132510.68801788343,533,708934,491.15209539232404,654397.6880178835
