geoid,carea,cperim,dperim_0.5,dpperim_0.5,dperim_pro_0.5,dpperim_pro_0.5,darea_0.5,dparea_0.5,darea_pro_0.5,dparea_pro_0.5,dperim_0.1,dpperim_0.1,dperim_pro_0.1,dpperim_pro_0.1,darea_0.1,dparea_0.1,darea_pro_0.1,dparea_pro_0.1
2003,0.2069022696921244,2.240058144730594,26,92564,25.7418388931613,91951.14528808564,202,708899,201.74183889316134,708286.1452880857,27,96688,26.078026298776678,93337.58214884344,203,713023,202.0780262987767,709672.5821488434
2001,14.161078964201382,21.02653260132692,46,134195,45.14756652827549,131819.4571555563,201,714684,200.14756652827546,712308.4571555561,46,134195,45.14756652827549,131819.4571555563,201,714684,200.14756652827546,712308.4571555561
2004,3.798709161219215,11.162717085925014,24,71891,23.985783480951184,71850.57756134798,182,712939,181.9857834809512,712898.577561348,25,73516,24.207718042532186,72211.2212239171,183,714564,182.2077180425322,713259.2212239171
2002,3.8375746593661173,11.52516554717661,55,209043,54.42711339045666,206764.49680603083,185,716596,184.4271133904566,714317.496806031,57,214977,55.04290721431231,208731.72174577252,187,722530,185.04290721431227,716284.7217457726
