geoid,carea,cperim,dperim_0.5,dpperim_0.5,dperim_pro_0.5,dpperim_pro_0.5,darea_0.5,dparea_0.5,darea_pro_0.5,dparea_pro_0.5,dperim_0.1,dpperim_0.1,dperim_pro_0.1,dpperim_pro_0.1,darea_0.1,dparea_0.1,darea_pro_0.1,dparea_pro_0.1
2403,0.08803015408319664,5.242219652359786,252,384468,222.2842875797296,338484.098560698,512,738124,482.2842875797301,692140.0985606984,327,498145,243.0150136112909,370016.29124752135,587,851801,503.01501361129135,723672.2912475218
2404,0.08439176300180688,2.954296835537796,133,229574,122.5936566617842,210598.21126531775,425,699288,414.5936566617843,680312.2112653176,164,291664,130.1397306966469,225603.8870591809,456,761378,422.13973069664695,695317.8870591805
2408,0.23483937096443955,5.115165024112049,123,184810,109.82391155456801,163101.18389164787,518,732130,504.82391155456804,710421.1838916475,153,237321,117.62892985772734,176867.45099123265,548,784641,512.6289298577274,724187.4509912323
2405,0.4331021685639449,4.500158926829557,106,187001,93.9392291175937,166662.81360713753,400,726360,387.93922911759347,706021.8136071373,120,209264,98.01090816394763,173227.7406842833,414,748623,392.0109081639474,712586.7406842832
2406,0.5409321403604591,8.987599164610575,122,189569,115.99585108199051,178762.01241360934,465,734301,458.9958510819906,723494.0124136092,148,230715,123.27247859204093,190268.5536559876,491,775447,466.272478592041,735000.5536559871
2401,1.1936102952502705,13.912056248974334,151,213040,134.89692577592288,191794.4087861243,500,728301,483.8969257759229,707055.4087861243,168,240816,139.18154782380847,199188.8744165144,517,756077,488.1815478238084,714449.8744165144
2407,0.1332815978890012,3.5550327433860613,123,171308,111.44736232853417,154549.32612429635,623,706473,611.447362328534,689714.3261242965,167,230966,124.35163403022915,171479.38336986603,667,766131,624.3516340302291,706644.3833698661
2402,0.10914846791411248,4.646831433125146,155,241580,136.5231614680633,212778.11497018556,462,702442,443.52316146806345,673640.1149701856,220,345779,154.9172554516204,241908.6383593607,527,806641,461.9172554516206,702770.6383593607
