geoid,carea,cperim,dperim_0.5,dpperim_0.5,dperim_pro_0.5,dpperim_pro_0.5,darea_0.5,dparea_0.5,darea_pro_0.5,dparea_pro_0.5,dperim_0.1,dpperim_0.1,dperim_pro_0.1,dpperim_pro_0.1,darea_0.1,dparea_0.1,darea_pro_0.1,dparea_pro_0.1
5600,27.971855697274403,21.9965845140564,38,55258,37.99454909386375,55249.69664312969,410,563626,409.99454909386367,563617.6966431297,38,55258,37.99454909386375,55249.69664312969,410,563626,409.99454909386367,563617.6966431297
