geoid,carea,cperim,dperim_0.5,dpperim_0.5,dperim_pro_0.5,dpperim_pro_0.5,darea_0.5,dparea_0.5,darea_pro_0.5,dparea_pro_0.5,dperim_0.1,dpperim_0.1,dperim_pro_0.1,dpperim_pro_0.1,darea_0.1,dparea_0.1,darea_pro_0.1,dparea_pro_0.1
3301,0.7598816526197479,6.853685801698666,57,258039,55.58691533631292,253705.86668310827,148,650698,146.58691533631284,646364.8666831085,59,268233,56.480636082611426,258260.16866911808,150,660892,147.48063608261134,650919.1686691183
3302,1.923838994511477,11.909920248871149,69,335036,68.17331277900347,330765.631760725,145,660474,144.17331277900342,656203.6317607249,70,338297,68.48161816139684,331771.0156127098,146,663735,144.4816181613968,657209.0156127097
