geoid,carea,cperim,dperim_0.5,dpperim_0.5,dperim_pro_0.5,dpperim_pro_0.5,darea_0.5,dparea_0.5,darea_pro_0.5,dparea_pro_0.5,dperim_0.1,dpperim_0.1,dperim_pro_0.1,dpperim_pro_0.1,darea_0.1,dparea_0.1,darea_pro_0.1,dparea_pro_0.1
4003,8.927550316618653,20.803324053375455,88,122890,87.5134399355994,122287.4318654915,593,746369,592.5134399355993,745766.4318654914,95,136540,88.98783039917436,124826.24728097115,600,760019,593.9878303991743,748305.247280971
4001,0.4385574192825077,4.936360562640808,54,81587,53.08183350462836,79886.47862725609,523,750431,522.0818335046283,748730.4786272557,57,87239,53.80469788723337,81421.87379664955,526,756083,522.8046978872334,750265.873796649
4005,0.5382694394159984,4.9063574068706135,76,97353,73.95813173236184,95090.08555841687,686,749496,683.9581317323621,747233.0855584169,80,102339,75.26970555868385,96701.78555600587,690,754482,685.269705558684,748844.785556006
4004,2.528473390449487,10.635622019590853,74,104681,72.26225495151222,102347.20149884903,561,751408,559.2622549515122,749074.2014988491,77,107338,72.98649828704504,102997.2336523836,564,754065,559.986498287045,749724.2336523837
4002,5.572131449393017,14.704110700325472,93,133332,92.16585496138468,131499.02668270117,602,753647,601.1658549613848,751814.0266827008,93,133332,92.16585496138468,131499.02668270117,602,753647,601.1658549613848,751814.0266827008
