geoid,carea,cperim,dperim_0.5,dpperim_0.5,dperim_pro_0.5,dpperim_pro_0.5,darea_0.5,dparea_0.5,darea_pro_0.5,dparea_pro_0.5,dperim_0.1,dpperim_0.1,dperim_pro_0.1,dpperim_pro_0.1,darea_0.1,dparea_0.1,darea_pro_0.1,dparea_pro_0.1
0905,0.3587576797375725,4.261376308739235,118,179816,115.62002467879842,176295.51666420366,504,711343,501.6200246787983,707822.5166642036,123,188588,116.78410891553301,178437.7038856266,509,720115,502.78410891553284,709964.7038856265
0901,0.195294020399582,3.5948805823122627,93,150092,91.36614103482074,147416.8737217282,534,715354,532.3661410348207,712678.8737217282,98,158430,92.8062864737789,149883.90036708323,539,723692,533.8062864737789,715145.9003670834
0904,0.1323343488447461,2.3638324222539993,83,121695,75.24304265546519,112730.52585828849,508,702838,500.24304265546516,693873.5258582886,94,139629,78.16482664518833,117181.42635893429,519,720772,503.16482664518827,698324.4263589344
0902,0.5732374684499715,4.122168498267601,93,139404,86.71673460211221,131551.61980476606,490,711232,483.71673460211196,703379.6198047663,99,144849,88.52758829407345,133266.1605976426,496,716677,485.52758829407327,705094.1605976428
0903,0.13553742845612998,2.5332067890032812,84,122313,74.97147758226376,110374.93373297906,524,709471,514.9714775822637,697532.9337329792,101,142253,79.76617867788828,115706.2450937069,541,729411,519.7661786778883,702864.2450937071
