geoid,carea,cperim,dperim_0.5,dpperim_0.5,dperim_pro_0.5,dpperim_pro_0.5,darea_0.5,dparea_0.5,darea_pro_0.5,dparea_pro_0.5,dperim_0.1,dpperim_0.1,dperim_pro_0.1,dpperim_pro_0.1,darea_0.1,dparea_0.1,darea_pro_0.1,dparea_pro_0.1
3800,21.839789564623327,21.58926233836184,54,161930,53.372969646130656,159485.3654196356,205,672591,204.37296964613066,670146.3654196354,54,161930,53.372969646130656,159485.3654196356,205,672591,204.37296964613066,670146.3654196354
