geoid,carea,cperim,dperim_0.5,dpperim_0.5,dperim_pro_0.5,dpperim_pro_0.5,darea_0.5,dparea_0.5,darea_pro_0.5,dparea_pro_0.5,dperim_0.1,dpperim_0.1,dperim_pro_0.1,dpperim_pro_0.1,darea_0.1,dparea_0.1,darea_pro_0.1,dparea_pro_0.1
1198,0.018377138038502015,0.647848098683523,34,43131,33.3360067044834,42311.44065581924,450,601723,449.3360067044834,600903.440655819,34,43131,33.3360067044834,42311.44065581924,450,601723,449.3360067044834,600903.440655819
