geoid,carea,cperim,dperim_0.5,dpperim_0.5,dperim_pro_0.5,dpperim_pro_0.5,darea_0.5,dparea_0.5,darea_pro_0.5,dparea_pro_0.5,dperim_0.1,dpperim_0.1,dperim_pro_0.1,dpperim_pro_0.1,darea_0.1,dparea_0.1,darea_pro_0.1,dparea_pro_0.1
5402,2.168019798354981,15.921278171009185,64,294309,63.82571832776755,293554.80878826557,145,620862,144.82571832776756,620107.8087882656,64,294309,63.82571832776755,293554.80878826557,145,620862,144.82571832776756,620107.8087882656
5403,2.608551705613952,12.700753979565082,62,234327,61.83297459402961,233796.6745367307,162,616141,161.83297459402957,615610.6745367306,62,234327,61.83297459402961,233796.6745367307,162,616141,161.83297459402957,615610.6745367306
5401,1.7168377698325206,11.645425468305648,73,268515,72.60761763369305,267544.07958804345,177,615991,176.607617633693,615020.0795880434,73,268515,72.60761763369305,267544.07958804345,177,615991,176.607617633693,615020.0795880434
