geoid,carea,cperim,dperim_0.5,dpperim_0.5,dperim_pro_0.5,dpperim_pro_0.5,darea_0.5,dparea_0.5,darea_pro_0.5,dparea_pro_0.5,dperim_0.1,dpperim_0.1,dperim_pro_0.1,dpperim_pro_0.1,darea_0.1,dparea_0.1,darea_pro_0.1,dparea_pro_0.1
2201,1.4149327891092682,17.42821454250132,78,302517,71.112356620001,279674.93817508925,193,731015,186.11235662000098,708172.9381750894,105,396513,79.00646568699034,306894.5551763974,220,825011,194.0064656869903,735392.5551763974
2202,0.3566198198920244,8.034505880516502,91,335580,80.81744302873885,297147.65216278186,267,738488,256.8174430287389,700055.6521627819,118,441495,88.1735757074846,328682.0448911421,294,844403,264.1735757074846,731590.0448911423
2206,1.075006629079761,12.618250944656936,69,345162,62.56040140804411,311799.4093534077,147,793064,140.5604014080441,759701.4093534076,86,417441,67.17728445698309,332568.71380207967,164,865343,145.17728445698307,780470.7138020792
2204,3.173471918643094,13.956532719722388,49,211957,48.056934043104256,206368.66771806352,180,759483,179.05693404310423,753894.6677180637,51,220783,48.354840500197376,207686.6696605306,182,768309,179.35484050019735,755212.6696605308
2205,3.6696908566434456,20.113492075332317,66,288809,64.70282541964303,282153.91905568086,188,754340,186.70282541964298,747684.9190556809,70,311741,65.43426591257722,286404.90285138827,192,777272,187.4342659125772,751935.9028513884
2203,1.8932651916728986,9.887565829577168,25,116992,24.330407073770694,115450.45422207148,160,745993,159.33040707377074,744451.4542220713,28,130425,25.580055564706687,120929.32839403338,163,759426,160.58005556470675,749930.3283940332
