geoid,carea,cperim,dperim_0.5,dpperim_0.5,dperim_pro_0.5,dpperim_pro_0.5,darea_0.5,dparea_0.5,darea_pro_0.5,dparea_pro_0.5,dperim_0.1,dpperim_0.1,dperim_pro_0.1,dpperim_pro_0.1,darea_0.1,dparea_0.1,darea_pro_0.1,dparea_pro_0.1
0104,2.3066647033107017,11.719129266181541,104,145631,102.57282066089287,143160.472904415,545,683524,543.5728206608927,681053.472904415,111,153536,103.79174806560432,144508.48075119284,552,691429,544.7917480656042,682401.4807511928
0101,1.5238044947573175,12.317447950185132,75,107845,68.6844356187506,99412.23681796771,432,675726,425.68443561875057,667293.2368179677,81,117184,70.58834302518125,102583.53020761094,438,685065,427.58834302518125,670464.5302076109
0102,2.5282893715150556,11.339464018452967,100,123922,97.18178049701787,120431.09331542418,519,680704,516.1817804970179,677213.093315424,115,141072,101.20764273027477,125047.99361189245,534,697854,520.2076427302746,681829.9936118921
0103,1.9340122856754665,9.522394738863223,97,144851,94.81537113537667,141417.98652421345,467,684416,464.81537113537667,680982.9865242131,100,150441,95.45697604109546,142368.18533017457,470,690006,465.45697604109546,681933.1853301742
0105,0.9833829439946273,6.679186703300578,57,83129,56.101511634133146,82243.50783607873,426,683019,425.10151163413303,682133.5078360786,57,83129,56.101511634133146,82243.50783607873,426,683019,425.10151163413303,682133.5078360786
0106,1.0619851537064988,9.082973507605315,118,173763,110.44565920551405,160908.2682977277,436,687405,428.44565920551406,674550.2682977277,135,198690,114.87504086740078,167875.90151262583,453,712332,432.87504086740086,681517.9015126257
0107,2.5537218660324985,14.213954974820151,151,195344,140.27494547524583,181363.48738827862,608,679361,597.2749454752454,665380.4873882786,188,253529,149.80326847010846,196470.01987173807,645,737546,606.8032684701082,680487.0198717382
