geoid,carea,cperim,dperim_0.5,dpperim_0.5,dperim_pro_0.5,dpperim_pro_0.5,darea_0.5,dparea_0.5,darea_pro_0.5,dparea_pro_0.5,dperim_0.1,dpperim_0.1,dperim_pro_0.1,dpperim_pro_0.1,darea_0.1,dparea_0.1,darea_pro_0.1,dparea_pro_0.1
1000,0.5456544906067314,4.311816004036432,55,80183,51.48204369232842,76394.3729226838,569,897489,565.4820436923284,893700.3729226838,58,80628,52.360604219887534,76534.54677942223,572,897934,566.3606042198875,893840.5467794223
