geoid,carea,cperim,dperim_0.5,dpperim_0.5,dperim_pro_0.5,dpperim_pro_0.5,darea_0.5,dparea_0.5,darea_pro_0.5,dparea_pro_0.5,dperim_0.1,dpperim_0.1,dperim_pro_0.1,dpperim_pro_0.1,darea_0.1,dparea_0.1,darea_pro_0.1,dparea_pro_0.1
4600,22.578350100485164,23.36176240130882,78,92991,77.89273417315798,92868.39947485513,654,814180,653.892734173158,814057.3994748552,78,92991,77.89273417315798,92868.39947485513,654,814180,653.892734173158,814057.3994748552
