geoid,carea,cperim,dperim_0.5,dpperim_0.5,dperim_pro_0.5,dpperim_pro_0.5,darea_0.5,dparea_0.5,darea_pro_0.5,dparea_pro_0.5,dperim_0.1,dpperim_0.1,dperim_pro_0.1,dpperim_pro_0.1,darea_0.1,dparea_0.1,darea_pro_0.1,dparea_pro_0.1
1000,0.5456544906067314,4.311816004036432,36,136715,34.003255833776265,130806.0207402913,214,897224,212.00325583377628,891315.020740291,38,137425,34.603210461960735,131089.96581094989,216,897934,212.6032104619607,891598.9658109496
