geoid,carea,cperim,dperim_0.5,dpperim_0.5,dperim_pro_0.5,dpperim_pro_0.5,darea_0.5,dparea_0.5,darea_pro_0.5,dparea_pro_0.5,dperim_0.1,dpperim_0.1,dperim_pro_0.1,dpperim_pro_0.1,darea_0.1,dparea_0.1,darea_pro_0.1,dparea_pro_0.1
3101,2.502153565361005,10.12862754228135,79,96237,78.48581810122533,94701.99385309448,481,609899,480.48581810122533,608363.9938530944,81,100375,78.87788665880568,95457.61611778064,483,614037,480.8778866588057,609119.6161177806
3102,0.1464551604924996,2.11066053453494,39,45282,38.60142881679887,44518.68901208672,572,607547,571.6014288167987,606783.6890120868,40,48718,39.00115597792785,45892.15153772589,573,610983,572.0011559779276,608157.1515377259
3103,18.965234336186608,26.91326336284097,92,99486,91.99796002889194,99483.34500242517,580,608895,579.9979600288918,608892.345002425,92,99486,91.99796002889194,99483.34500242517,580,608895,579.9979600288918,608892.345002425
