geoid,carea,cperim,dperim_0.5,dpperim_0.5,dperim_pro_0.5,dpperim_pro_0.5,darea_0.5,dparea_0.5,darea_pro_0.5,dparea_pro_0.5,dperim_0.1,dpperim_0.1,dperim_pro_0.1,dpperim_pro_0.1,darea_0.1,dparea_0.1,darea_pro_0.1,dparea_pro_0.1
3301,0.7792795358764979,7.477555945209971,57,264835,56.698018308577936,263850.1018836407,150,655996,149.69801830857796,655011.1018836406,58,269731,57.14855947759499,266055.9514471482,151,660892,150.14855947759503,657216.9514471481
3302,1.9236453736334969,12.59529222796155,71,344842,70.54945574174934,342636.13545244135,145,660474,144.54945574174934,658268.1354524413,72,348103,70.85135796932174,343620.63861655496,146,663735,144.85135796932175,659252.6386165548
