geoid,carea,cperim,dperim_0.5,dpperim_0.5,dperim_pro_0.5,dpperim_pro_0.5,darea_0.5,dparea_0.5,darea_pro_0.5,dparea_pro_0.5,dperim_0.1,dpperim_0.1,dperim_pro_0.1,dpperim_pro_0.1,darea_0.1,dparea_0.1,darea_pro_0.1,dparea_pro_0.1
1904,6.4969692661715035,14.657529017255142,89,86643,88.999995923892,86642.99696141749,755,761571,754.999995923892,761570.9969614174,89,86643,88.999995923892,86642.99696141749,755,761571,754.999995923892,761570.9969614174
1901,3.444208165677993,12.847404826704532,105,104663,104.92063128740185,104589.35825038963,636,761548,635.9206312874019,761474.3582503895,105,104663,104.92063128740185,104589.35825038963,636,761548,635.9206312874019,761474.3582503895
1903,2.4603986422554973,8.390873334094193,64,70577,63.99999637620875,70576.99687684164,599,761612,598.9999963762087,761611.9968768414,64,70577,63.99999637620875,70576.99687684164,599,761612,598.9999963762087,761611.9968768414
1902,3.456005327779492,11.709580963793655,117,130082,116.99999374684104,130081.9937448424,640,761624,639.9999937468411,761623.9937448424,117,130082,116.99999374684104,130081.9937448424,640,761624,639.9999937468411,761623.9937448424
