geoid,carea,cperim,dperim_0.5,dpperim_0.5,dperim_pro_0.5,dpperim_pro_0.5,darea_0.5,dparea_0.5,darea_pro_0.5,dparea_pro_0.5,dperim_0.1,dpperim_0.1,dperim_pro_0.1,dpperim_pro_0.1,darea_0.1,dparea_0.1,darea_pro_0.1,dparea_pro_0.1
4600,22.57847248856348,23.877297877752373,78,92991,77.99999937910616,92990.99928980389,654,814180,653.999999379106,814179.999289804,78,92991,77.99999937910616,92990.99928980389,654,814180,653.999999379106,814179.999289804
