geoid,carea,cperim,dperim_0.5,dpperim_0.5,dperim_pro_0.5,dpperim_pro_0.5,darea_0.5,dparea_0.5,darea_pro_0.5,dparea_pro_0.5,dperim_0.1,dpperim_0.1,dperim_pro_0.1,dpperim_pro_0.1,darea_0.1,dparea_0.1,darea_pro_0.1,dparea_pro_0.1
5600,27.971704624494976,22.00173992296505,40,58380,39.999999302754745,58379.998856283404,410,563626,409.99999930275476,563625.9988562834,40,58380,39.999999302754745,58379.998856283404,410,563626,409.99999930275476,563625.9988562834
