geoid,carea,cperim,dperim_0.5,dpperim_0.5,dperim_pro_0.5,dpperim_pro_0.5,darea_0.5,dparea_0.5,darea_pro_0.5,dparea_pro_0.5,dperim_0.1,dpperim_0.1,dperim_pro_0.1,dpperim_pro_0.1,darea_0.1,dparea_0.1,darea_pro_0.1,dparea_pro_0.1
1198,0.018380961988500193,0.684041388230479,40,142467,39.99960897654522,142465.8037799921,179,601723,178.99960897654523,601721.803779992,40,142467,39.99960897654522,142465.8037799921,179,601723,178.99960897654523,601721.803779992
