geoid,carea,cperim,dperim_0.5,dpperim_0.5,dperim_pro_0.5,dpperim_pro_0.5,darea_0.5,dparea_0.5,darea_pro_0.5,dparea_pro_0.5,dperim_0.1,dpperim_0.1,dperim_pro_0.1,dpperim_pro_0.1,darea_0.1,dparea_0.1,darea_pro_0.1,dparea_pro_0.1
5600,27.971704624494976,22.00173992296505,27,125395,26.99999968392909,125394.99780235988,132,563626,131.9999996839291,563625.9978023598,27,125395,26.99999968392909,125394.99780235988,132,563626,131.9999996839291,563625.9978023598
