geoid,carea,cperim,dperim_0.5,dpperim_0.5,dperim_pro_0.5,dpperim_pro_0.5,darea_0.5,dparea_0.5,darea_pro_0.5,dparea_pro_0.5,dperim_0.1,dpperim_0.1,dperim_pro_0.1,dpperim_pro_0.1,darea_0.1,dparea_0.1,darea_pro_0.1,dparea_pro_0.1
2706,0.9033119241280051,7.283979962246629,58,316997,57.932077337602635,316628.5402021651,126,655917,125.93207733760262,655548.540202165,60,327084,58.68537429713683,320000.5286713501,128,666004,126.68537429713682,658920.52867135
2701,3.5340523593440127,12.916683701137067,44,175154,42.75331338490007,168795.9885164812,168,670616,166.75331338490003,664257.988516481,44,175154,42.75331338490007,168795.9885164812,168,670616,166.75331338490003,664257.988516481
2705,0.041994683246500235,1.1907403612386278,46,172915,45.99902247479015,172911.83427902436,198,662883,197.99902247479014,662879.8342790246,46,172915,45.99902247479015,172911.83427902436,198,662883,197.99902247479014,662879.8342790246
2702,0.7419192557195002,5.723619032157216,39,180119,38.26359700677309,176530.9809030154,144,660795,143.26359700677313,657206.9809030154,42,196495,39.42853048449161,182641.03327024437,147,677171,144.4285304844916,663317.0332702444
2703,0.17229726552749966,2.8139247297290635,60,276579,59.86402436309381,275473.190890505,144,664206,143.8640243630938,663100.1908905051,60,276579,59.86402436309381,275473.190890505,144,664206,143.8640243630938,663100.1908905051
2707,10.760372989838007,24.931499369164378,73,238353,71.13487885428616,230183.57896250024,200,665340,198.13487885428617,657170.5789625,76,252138,71.91292476650011,233298.20278960763,203,679125,198.9129247665001,660285.2027896073
2704,0.10794197100850035,1.6057693897835446,36,145787,35.99982095858685,145786.39021222177,171,659818,170.9998209585869,659817.3902122219,38,155686,36.73561825915214,149370.12264600696,173,669717,171.73561825915218,663401.1226460071
2708,10.063465815438963,19.572747306444903,46,180734,45.221600760434136,177617.61600258073,187,664350,186.22160076043414,661233.6160025806,50,198258,46.11286567693553,181599.04271250422,191,681874,187.1128656769355,665215.0427125042
