geoid,carea,cperim,dperim_0.5,dpperim_0.5,dperim_pro_0.5,dpperim_pro_0.5,darea_0.5,dparea_0.5,darea_pro_0.5,dparea_pro_0.5,dperim_0.1,dpperim_0.1,dperim_pro_0.1,dpperim_pro_0.1,darea_0.1,dparea_0.1,darea_pro_0.1,dparea_pro_0.1
0200,313.9951335024439,252.03580316279317,57,60389,56.999999999999986,60389.0,534,710231,534.0,710231.0,57,60389,56.999999999999986,60389.0,534,710231,534.0,710231.0
