geoid,carea,cperim,dperim_0.5,dpperim_0.5,dperim_pro_0.5,dpperim_pro_0.5,darea_0.5,dparea_0.5,darea_pro_0.5,dparea_pro_0.5,dperim_0.1,dpperim_0.1,dperim_pro_0.1,dpperim_pro_0.1,darea_0.1,dparea_0.1,darea_pro_0.1,dparea_pro_0.1
3800,21.83969623326306,25.18675981908326,54,161930,53.99999959813448,161929.99857280648,205,672591,204.99999959813448,672590.9985728066,54,161930,53.99999959813448,161929.99857280648,205,672591,204.99999959813448,672590.9985728066
