geoid,carea,cperim,dperim_0.5,dpperim_0.5,dperim_pro_0.5,dpperim_pro_0.5,darea_0.5,dparea_0.5,darea_pro_0.5,dparea_pro_0.5,dperim_0.1,dpperim_0.1,dperim_pro_0.1,dpperim_pro_0.1,darea_0.1,dparea_0.1,darea_pro_0.1,dparea_pro_0.1
2802,3.988248596952485,18.393769404858197,101,136015,99.65928636594073,132505.2053422343,606,747471,604.6592863659409,743961.205342234,107,145285,101.00509968197613,134796.41774700425,612,756741,606.0050996819764,746252.4177470041
2804,2.1764913277199964,8.222340841645819,61,85015,60.75218750707436,84850.09652807757,516,741494,515.7521875070744,741329.0965280777,64,87770,61.56320579349441,85490.75242538223,519,744249,516.5632057934944,741969.7524253824
2803,3.186013923735,15.889663425936128,124,159612,121.76133609313186,156592.51118553063,550,735166,547.7613360931317,732146.5111855306,132,173214,123.99812242120905,161069.12839557556,558,748768,549.9981224212089,736623.1283955754
2801,2.718443120987987,10.02256568004497,94,153324,93.04948912968865,152151.16684644166,492,743166,491.04948912968877,741993.1668464416,94,153324,93.04948912968865,152151.16684644166,492,743166,491.04948912968877,741993.1668464416
