geoid,carea,cperim,dperim_0.5,dpperim_0.5,dperim_pro_0.5,dpperim_pro_0.5,darea_0.5,dparea_0.5,darea_pro_0.5,dparea_pro_0.5,dperim_0.1,dpperim_0.1,dperim_pro_0.1,dpperim_pro_0.1,darea_0.1,dparea_0.1,darea_pro_0.1,dparea_pro_0.1
2501,0.6789440360064979,5.452101459657186,81,119161,80.93674532192331,119067.42578222789,578,727225,577.9367453219234,727131.425782228,82,119815,81.15716532586436,119211.58046480532,579,727879,578.1571653258644,727275.5804648055
2502,0.4851964929209978,4.823819947023098,86,146253,85.13454690487592,144594.46759173257,512,728766,511.1345469048759,727107.4675917326,88,147713,85.75516969675532,145049.59652561633,514,730226,511.7551696967553,727562.5965256164
2504,0.19745646127700098,3.8433689725219793,138,229612,135.9790183419997,226135.66887587003,466,723557,463.97901834199973,720080.6688758701,147,244790,138.5789721204518,230397.07991090772,475,738735,466.57897212045185,724342.0799109077
2506,0.24451437832599965,2.871214198723951,67,107451,66.83975089551957,107127.02832557348,529,726597,528.8397508955195,726273.0283255734,70,111880,67.5544937531263,108296.01755379053,532,731026,529.5544937531263,727442.0175537906
2507,0.02838326401199995,2.226678385787796,157,194851,151.5675239889638,190452.77793569092,608,727643,602.5675239889638,723244.7779356911,171,206625,155.89803053313233,194106.81553117168,622,739417,606.8980305331324,726898.8155311719
2508,0.1409229925809997,3.6041339297922317,131,171219,128.03234900465745,167926.57917256482,594,727742,591.0323490046574,724449.5791725647,145,182989,132.45430737848616,172098.61305086722,608,739512,595.4543073784862,728621.6130508673
2505,0.08142101228250016,2.541021228451561,145,185712,142.77754846740476,183889.54398386346,606,727093,603.7775484674047,725270.5439838634,154,195994,144.73763085262567,186267.6202951246,615,737375,605.7376308526256,727648.6202951245
2509,0.8975083989160004,6.37423021837183,52,75064,50.318533850885785,73099.26918107604,598,731030,596.3185338508858,729065.2691810762,57,80083,51.39036551468377,74117.63331135189,603,736049,597.3903655146838,730083.633311352
2503,0.22358253534349942,3.635407285429976,103,164616,101.65069495212194,162967.5884837144,494,727976,492.65069495212197,726327.5884837144,104,166947,101.80359320786874,163323.99431786017,495,730307,492.8035932078688,726683.9943178601
