geoid,carea,cperim,dperim_0.5,dpperim_0.5,dperim_pro_0.5,dpperim_pro_0.5,darea_0.5,dparea_0.5,darea_pro_0.5,dparea_pro_0.5,dperim_0.1,dpperim_0.1,dperim_pro_0.1,dpperim_pro_0.1,darea_0.1,dparea_0.1,darea_pro_0.1,dparea_pro_0.1
3000,45.07882240040854,36.65241379779653,46,108144,45.99999965306743,108143.99860070305,271,989415,270.99999965306745,989414.9986007031,46,108144,45.99999965306743,108143.99860070305,271,989415,270.99999965306745,989414.9986007031
