geoid,carea,cperim,dperim_0.5,dpperim_0.5,dperim_pro_0.5,dpperim_pro_0.5,darea_0.5,dparea_0.5,darea_pro_0.5,dparea_pro_0.5,dperim_0.1,dpperim_0.1,dperim_pro_0.1,dpperim_pro_0.1,darea_0.1,dparea_0.1,darea_pro_0.1,dparea_pro_0.1
4005,0.5381993499914973,5.025705040394529,52,196844,51.05208613006602,192015.6257467052,246,754523,245.05208613006607,749694.6257467052,53,203393,51.384998616272604,194195.8696188721,247,761072,245.38499861627264,751874.8696188721
4003,8.927646373880027,21.191291137537284,62,227764,61.739115435642944,226291.9557381364,196,749010,195.739115435643,747537.9557381365,64,232257,62.42606086465475,227917.80304437404,198,753503,196.4260608646548,749163.8030443741
4001,0.4379248849774999,5.15751068933668,43,156112,42.38242638764097,154372.2080928747,215,745837,214.38242638764095,744097.2080928747,47,171772,43.24379653577005,157806.89108171768,219,761497,215.24379653577003,747531.8910817177
4004,2.528081975499999,11.316047545723777,50,185673,49.41883749699036,182921.50759542172,192,746381,191.4188374969903,743629.5075954219,53,200837,50.36673885737923,187749.84797801916,195,761545,192.36673885737918,748457.8479780193
4002,5.573154374220957,16.097893179566476,59,224842,58.39223520812114,222852.6665797451,197,755600,196.39223520812115,753610.6665797452,59,224842,58.39223520812114,222852.6665797451,197,755600,196.39223520812115,753610.6665797452
