geoid,carea,cperim,dperim_0.5,dpperim_0.5,dperim_pro_0.5,dpperim_pro_0.5,darea_0.5,dparea_0.5,darea_pro_0.5,dparea_pro_0.5,dperim_0.1,dpperim_0.1,dperim_pro_0.1,dpperim_pro_0.1,darea_0.1,dparea_0.1,darea_pro_0.1,dparea_pro_0.1
1198,0.018380961988500193,0.684041388230479,62,88264,61.99831528029077,88262.70332941455,450,601723,449.9983152802907,601721.7033294146,62,88264,61.99831528029077,88262.70332941455,450,601723,449.9983152802907,601721.7033294146
