geoid,carea,cperim,dperim_0.5,dpperim_0.5,dperim_pro_0.5,dpperim_pro_0.5,darea_0.5,dparea_0.5,darea_pro_0.5,dparea_pro_0.5,dperim_0.1,dpperim_0.1,dperim_pro_0.1,dpperim_pro_0.1,darea_0.1,dparea_0.1,darea_pro_0.1,dparea_pro_0.1
1000,0.6702232274054992,4.141637403851255,37,169168,36.99999913283589,169167.99808650225,218,897934,217.9999991328359,897933.9980865023,37,169168,36.99999913283589,169167.99808650225,218,897934,217.9999991328359,897933.9980865023
