geoid,carea,cperim,dperim_0.5,dpperim_0.5,dperim_pro_0.5,dpperim_pro_0.5,darea_0.5,dparea_0.5,darea_pro_0.5,dparea_pro_0.5,dperim_0.1,dpperim_0.1,dperim_pro_0.1,dpperim_pro_0.1,darea_0.1,dparea_0.1,darea_pro_0.1,dparea_pro_0.1
4600,22.57847248856348,23.877297877752373,52,183228,51.99999980960212,183227.99931978932,222,814180,221.99999980960203,814179.9993197895,52,183228,51.99999980960212,183227.99931978932,222,814180,221.99999980960203,814179.9993197895
