geoid,carea,cperim,dperim_0.5,dpperim_0.5,dperim_pro_0.5,dpperim_pro_0.5,darea_0.5,dparea_0.5,darea_pro_0.5,dparea_pro_0.5,dperim_0.1,dpperim_0.1,dperim_pro_0.1,dpperim_pro_0.1,darea_0.1,dparea_0.1,darea_pro_0.1,dparea_pro_0.1
5000,2.7984030637919957,9.869637379424269,89,99848,88.99999957593035,99847.99952288475,522,625741,521.9999995759304,625740.9995228847,89,99848,88.99999957593035,99847.99952288475,522,625741,521.9999995759304,625740.9995228847
