geoid,carea,cperim,dperim_0.5,dpperim_0.5,dperim_pro_0.5,dpperim_pro_0.5,darea_0.5,dparea_0.5,darea_pro_0.5,dparea_pro_0.5,dperim_0.1,dpperim_0.1,dperim_pro_0.1,dpperim_pro_0.1,darea_0.1,dparea_0.1,darea_pro_0.1,dparea_pro_0.1
5401,1.717621723305509,12.461304588369257,148,165358,147.9999887715064,165357.9883955904,588,615991,587.9999887715065,615990.9883955903,148,165358,147.9999887715064,165357.9883955904,588,615991,587.9999887715065,615990.9883955903
5403,2.6085821482995164,13.596889695301943,121,142910,120.99995683213456,142909.95596457765,517,616141,516.9999568321346,616140.9559645775,121,142910,120.99995683213456,142909.95596457765,517,616141,516.9999568321346,616140.9559645775
5402,2.16766626356652,17.10851069167806,126,169162,125.99999311215423,169161.9855243527,487,620862,486.99999311215424,620861.9855243526,126,169162,125.99999311215423,169161.9855243527,487,620862,486.99999311215424,620861.9855243526
