geoid,carea,cperim,dperim_0.5,dpperim_0.5,dperim_pro_0.5,dpperim_pro_0.5,darea_0.5,dparea_0.5,darea_pro_0.5,dparea_pro_0.5,dperim_0.1,dpperim_0.1,dperim_pro_0.1,dpperim_pro_0.1,darea_0.1,dparea_0.1,darea_pro_0.1,dparea_pro_0.1
5000,2.7984030637919957,9.869637379424269,53,183296,52.99999986238279,183295.99956215272,184,625741,183.99999986238277,625740.9995621528,53,183296,52.99999986238279,183295.99956215272,184,625741,183.99999986238277,625740.9995621528
