geoid,carea,cperim,dperim_0.5,dpperim_0.5,dperim_pro_0.5,dpperim_pro_0.5,darea_0.5,dparea_0.5,darea_pro_0.5,dparea_pro_0.5,dperim_0.1,dpperim_0.1,dperim_pro_0.1,dpperim_pro_0.1,darea_0.1,dparea_0.1,darea_pro_0.1,dparea_pro_0.1
0408,0.13629616697549918,2.9055905296204423,41,197088,39.268358386997704,186809.91328944825,158,697688,156.2683583869977,687409.9132894482,47,222811,40.957339548751214,194388.84974805784,164,723411,157.9573395487512,694988.849748058
0404,8.501934375554905,29.715470944949704,69,301292,66.69874240256668,290703.42185749125,156,711738,153.69874240256672,701149.4218574913,79,353445,69.62146212025874,305559.2004417426,166,763891,156.62146212025877,716005.2004417425
0401,14.11180512647564,29.51444946570493,56,218066,53.602117045751726,208782.45215088924,170,708303,167.6021170457517,699019.4521508892,68,271779,57.03805312964836,224840.51314299603,182,762016,171.03805312964832,715077.513142996
0406,0.1584389137999994,2.4996692174937456,36,153790,34.371386931524896,146833.9935138344,173,715068,171.37138693152488,708111.9935138343,39,162797,35.219783838069915,149671.57893261066,176,724075,172.2197838380699,710949.5789326107
0403,3.8942427708850276,14.081090379565325,81,347623,78.17877845734971,333520.4529903235,167,708802,164.17877845734975,694699.4529903237,92,402425,81.40807730744919,349680.9214098904,178,763604,167.40807730744928,710859.9214098909
0409,0.04170022587199979,1.869100083865462,79,306789,77.4322581650765,302015.78860466287,179,710727,177.4322581650765,705953.7886046628,81,314836,78.16845960160883,304644.17220312316,181,718774,178.16845960160882,708582.172203123
0402,1.9492618880559929,7.227858895930992,48,207123,44.896407650628355,193989.56275141533,181,714903,177.89640765062836,701769.5627514155,58,241715,47.19276345699496,202369.3191003722,191,749495,180.19276345699498,710149.3191003724
0407,0.051602190302499955,1.262484621685795,49,204300,47.73924551745875,198254.2746407799,169,710995,167.73924551745878,704949.2746407801,51,209456,48.33919674622732,199503.94831387638,171,716151,168.33919674622737,706198.9483138765
0405,0.07384066429249958,1.3408594746936362,51,207391,50.73859998279208,206244.50444727944,172,710445,171.7385999827921,709298.5044472793,51,207391,50.73859998279208,206244.50444727944,172,710445,171.7385999827921,709298.5044472793
