geoid,carea,cperim,dperim_0.5,dpperim_0.5,dperim_pro_0.5,dpperim_pro_0.5,darea_0.5,dparea_0.5,darea_pro_0.5,dparea_pro_0.5,dperim_0.1,dpperim_0.1,dperim_pro_0.1,dpperim_pro_0.1,darea_0.1,dparea_0.1,darea_pro_0.1,dparea_pro_0.1
2508,0.1409229925809997,3.6041339297922317,77,339874,74.98302406155248,330834.0362326344,171,730016,168.98302406155244,720976.0362326343,89,382564,78.23866181864825,342932.88878565974,183,772706,172.2386618186482,733074.8887856599
2509,0.8975083989160004,6.37423021837183,37,159936,35.64935651107088,155251.7326241674,180,734242,178.64935651107086,729557.7326241672,40,169547,36.46580321735408,157625.3471845284,183,743853,179.46580321735402,731931.3471845282
2501,0.6789440360064979,5.452101459657186,48,203504,47.45427971059391,201534.39548307503,174,729379,173.4542797105939,727409.3954830752,48,203504,47.45427971059391,201534.39548307503,174,729379,173.4542797105939,727409.3954830752
2504,0.19745646127700098,3.8433689725219793,72,396589,70.4759926227337,388044.3407511106,140,725606,138.4759926227337,717061.3407511106,76,413389,71.85163815889352,393983.2692827488,144,742406,139.85163815889354,723000.2692827489
2502,0.4851964929209978,4.823819947023098,50,251934,49.99762008868425,251926.34111865354,159,721383,158.99762008868424,721375.3411186535,53,267678,50.90394290213679,257072.74538263612,162,737127,159.90394290213678,726521.7453826361
2505,0.08142101228250016,2.541021228451561,81,382640,79.58717149234893,377540.5705306459,156,730323,154.58717149234892,725223.570530646,87,391706,81.23334446188147,380589.7381377319,162,739389,156.23334446188144,728272.738137732
2503,0.22358253534349942,3.635407285429976,60,305642,59.81876164097926,304901.4993215182,156,724078,155.81876164097926,723337.4993215182,62,318392,60.46746637468741,308721.7532204959,158,736828,156.4674663746874,727157.7532204959
2507,0.02838326401199995,2.226678385787796,88,334593,83.41550434902246,321674.77146696154,193,723726,188.4155043490224,710807.7714669616,96,364117,86.24260717322844,332439.65430446866,201,753250,191.24260717322838,721572.6543044688
2506,0.24451437832599965,2.871214198723951,38,199048,37.543917549298484,196767.555656231,149,728876,148.5439175492985,726595.555656231,39,202941,37.717298296882376,197442.5269065751,150,732769,148.7172982968824,727270.5269065752
