geoid,carea,cperim,dperim_0.5,dpperim_0.5,dperim_pro_0.5,dpperim_pro_0.5,darea_0.5,dparea_0.5,darea_pro_0.5,dparea_pro_0.5,dperim_0.1,dpperim_0.1,dperim_pro_0.1,dpperim_pro_0.1,darea_0.1,dparea_0.1,darea_pro_0.1,dparea_pro_0.1
4904,0.7348540084480017,6.241077691741983,92,149163,91.18203547778717,147462.35202102148,389,683374,388.1820354777871,681673.3520210214,97,162361,92.88364149887374,152420.8519845096,394,696572,389.8836414988737,686631.8519845096
4903,5.42970823948848,18.338113991580858,91,135253,90.150722213475,133905.82849920317,456,693109,455.150722213475,691761.8284992031,93,138497,90.71451051556298,134688.65773868497,458,696353,455.71451051556295,692544.6577386849
4901,5.762725048144507,16.253494601933646,40,50368,39.36316412414896,48983.94136946618,431,688085,430.363164124149,686700.9413694663,42,53759,39.93726968628445,49967.341452614564,433,691476,430.9372696862845,687684.3414526145
4902,11.047593072704954,19.691537214569188,69,132468,66.84551671346145,126555.23405530932,414,699317,411.84551671346145,693404.2340553092,72,137812,67.84651637798014,128432.0388795144,417,704661,412.8465163779801,695281.0388795142
