geoid,carea,cperim,dperim_0.5,dpperim_0.5,dperim_pro_0.5,dpperim_pro_0.5,darea_0.5,dparea_0.5,darea_pro_0.5,dparea_pro_0.5,dperim_0.1,dpperim_0.1,dperim_pro_0.1,dpperim_pro_0.1,darea_0.1,dparea_0.1,darea_pro_0.1,dparea_pro_0.1
4001,0.4379248849774999,5.15751068933668,73,106787,72.32342876475364,105251.92055484836,523,750431,522.3234287647535,748895.9205548482,76,112439,72.94253157088082,106664.58598049179,526,756083,522.9425315708808,750308.5859804916
4005,0.5381993499914973,5.025705040394529,87,113247,86.27637481299328,112597.66096241493,686,749496,685.2763748129935,748846.6609624149,91,118233,87.58925487932473,114211.70090886916,690,754482,686.5892548793249,750460.7009088692
4004,2.528081975499999,11.316047545723777,92,128437,90.39138952761962,126277.19376946797,561,751408,559.3913895276198,749248.1937694679,95,131094,91.11497867071942,126926.47805699271,564,754065,560.1149786707196,749897.4780569928
4002,5.573154374220957,16.097893179566476,98,139169,97.49217982022073,137850.78052733466,602,753647,601.4921798202209,752328.7805273345,98,139169,97.49217982022073,137850.78052733466,602,753647,601.4921798202209,752328.7805273345
4003,8.927646373880027,21.191291137537284,101,141136,100.85181397560939,141013.30260838682,593,746369,592.8518139756093,746246.3026083867,105,150339,101.65801974820332,142768.6447562205,597,755572,593.6580197482033,748001.6447562205
