geoid,carea,cperim,dperim_0.5,dpperim_0.5,dperim_pro_0.5,dpperim_pro_0.5,darea_0.5,dparea_0.5,darea_pro_0.5,dparea_pro_0.5,dperim_0.1,dpperim_0.1,dperim_pro_0.1,dpperim_pro_0.1,darea_0.1,dparea_0.1,darea_pro_0.1,dparea_pro_0.1
0502,1.3046486824919992,8.253771586240495,33,154150,32.99964357519659,154148.21189037163,168,729192,167.99964357519661,729190.2118903716,33,154150,32.99964357519659,154148.21189037163,168,729192,167.99964357519661,729190.2118903716
0501,5.081486888477988,22.54734508908666,63,234085,62.87549646877154,233794.2791040699,194,728022,193.87549646877147,727731.2791040702,64,237344,63.37479642143063,235421.4976497859,195,731281,194.37479642143057,729358.4976497862
0504,5.763872186612015,16.09590108831516,61,260206,58.924901463994125,248333.9926571049,184,738321,181.92490146399413,726448.9926571047,63,270610,59.87839925533391,253292.6970274842,186,748725,182.87839925533393,731407.6970274841
0503,1.435375936026996,11.353741354143205,49,258527,48.030860096645036,253489.2878829608,140,720383,139.03086009664503,715345.2878829608,54,286805,49.58776555993223,263162.3571747249,145,748661,140.58776555993225,725018.3571747249
