geoid,carea,cperim,dperim_0.5,dpperim_0.5,dperim_pro_0.5,dpperim_pro_0.5,darea_0.5,dparea_0.5,darea_pro_0.5,dparea_pro_0.5,dperim_0.1,dpperim_0.1,dperim_pro_0.1,dpperim_pro_0.1,darea_0.1,dparea_0.1,darea_pro_0.1,dparea_pro_0.1
2408,0.23554561469999982,6.0470257576028175,155,230728,148.65785174598156,218919.6279713469,513,723882,506.65785174598165,712073.6279713471,170,255759,153.07810634467847,226556.66341461174,528,748913,511.0781063446785,719710.6634146118
2404,0.0851849973699996,3.407380823352668,167,289637,162.58285265523912,281512.8898777911,435,718346,430.5828526552393,710221.8898777907,186,329605,167.37571602996593,291336.1402815514,454,758314,435.37571602996616,720045.1402815509
2403,0.10848123012649957,6.512560623241514,284,419897,268.4703249293809,397861.0677523695,497,713571,481.4703249293805,691535.0677523696,334,499355,282.8166269490169,419737.10597158497,547,793029,495.8166269490164,713411.1059715851
2401,1.4859896927129916,10.81783505248122,140,199153,135.3669362732315,192629.58602635888,509,728033,504.3669362732315,721509.586026359,146,210915,137.16900105458535,196337.46076892046,515,739795,506.16900105458535,725217.4607689206
2406,0.5396122454520004,9.784601398892683,146,222894,142.24109807796512,216425.64991952435,463,727391,459.2410980779651,720922.6499195246,162,251338,147.02604061763017,225573.6903864608,479,755835,464.02604061763014,730070.6903864609
2402,0.1404351093340002,5.33284666006599,197,311910,184.45959879744657,291789.1837504469,483,728493,470.4595987974466,708372.1837504467,229,359391,194.7131146367106,307780.8616798374,515,775974,480.7131146367107,724363.8616798371
2405,0.6097703532640028,4.922871970698619,81,142505,77.45634198335785,135382.83721523357,401,722490,397.4563419833579,715367.8372152337,92,158802,80.91857180808067,140430.67077287252,412,738787,400.9185718080808,720415.6707728726
2407,0.1337739694925003,4.386312657341616,159,210613,151.295785258111,198528.06177250907,625,711346,617.295785258111,699261.061772509,192,255507,161.63694060095747,212554.98294041774,658,756240,627.6369406009577,713287.982940418
