geoid,carea,cperim,dperim_0.5,dpperim_0.5,dperim_pro_0.5,dpperim_pro_0.5,darea_0.5,dparea_0.5,darea_pro_0.5,dparea_pro_0.5,dperim_0.1,dpperim_0.1,dperim_pro_0.1,dpperim_pro_0.1,darea_0.1,dparea_0.1,darea_pro_0.1,dparea_pro_0.1
0103,1.9340615078410008,10.3644534779932,60,261717,59.173583997665204,256649.53613805064,166,684195,165.17358399766522,679127.5361380506,63,272529,60.127117110696325,260378.16435084396,169,695007,166.12711711069636,682856.1643508439
0104,2.305466022495489,12.618862409563883,74,315458,72.78710632836213,310178.74635806313,168,689905,166.7871063283621,684625.7463580631,75,320727,73.26045859166418,312672.83943340165,169,695174,167.26045859166416,687119.8394334016
0105,0.9834336237479969,6.98854933263123,39,195183,38.91797955489437,194604.82384940618,149,683019,148.91797955489437,682440.8238494061,39,195183,38.91797955489437,194604.82384940618,149,683019,148.91797955489437,682440.8238494061
0106,1.0625027259699964,9.965807789057413,64,317622,61.32356567074585,301891.71785352065,147,682931,144.32356567074586,667200.7178535206,80,387287,65.32575842840177,318618.87017874693,163,752596,148.32575842840177,683927.8701787469
0102,2.5283321096769984,12.161478120058005,58,216123,56.2458676766722,210276.74356783635,183,679967,181.24586767667213,674120.7435678364,63,238153,58.10448592256684,218301.08687186046,188,701997,183.10448592256677,682145.0868718605
0101,1.699177307515996,11.56301419285223,33,137783,32.56051845817157,136247.869227139,169,677718,168.5605184581716,676182.869227139,36,148790,33.38279662466983,139416.40092923766,172,688725,169.38279662466988,679351.4009292377
0107,2.554258998445004,15.594606481548027,92,337233,86.3403071017288,315243.1011304253,199,682001,193.34030710172874,660011.1011304252,106,402896,90.04910981599727,332607.530574054,213,747664,197.04910981599724,677375.530574054
