geoid,carea,cperim,dperim_0.5,dpperim_0.5,dperim_pro_0.5,dpperim_pro_0.5,darea_0.5,dparea_0.5,darea_pro_0.5,dparea_pro_0.5,dperim_0.1,dpperim_0.1,dperim_pro_0.1,dpperim_pro_0.1,darea_0.1,dparea_0.1,darea_pro_0.1,dparea_pro_0.1
0403,3.8942427708850276,14.081090379565325,120,213148,116.46676652133792,207652.87723989433,426,707734,422.46676652133783,702238.8772398944,135,237400,120.4112631264402,214054.27033130426,441,731986,426.4112631264401,708640.2703313042
0407,0.051602190302499955,1.262484621685795,80,117467,79.57809539085544,117000.61495475125,443,707804,442.5780953908554,707337.6149547515,83,123192,80.71061738003812,119139.19629504326,446,713529,443.71061738003806,709476.1962950433
0401,14.11180512647564,29.51444946570493,86,131976,81.62925359348853,125378.65352373819,479,715992,474.62925359348856,709394.6535237381,100,159886,85.855430745159,134634.15363053698,493,743902,478.85543074515897,718650.1536305369
0404,8.501934375554905,29.715470944949704,108,171546,105.38365748584982,164918.19014901237,402,700206,399.3836574858499,693578.1901490124,124,202231,110.39945867032012,173335.758179287,418,730891,404.3994586703202,701995.758179287
0402,1.9492618880559929,7.227858895930992,68,112507,62.43425453841598,103680.87967311592,505,714126,499.4342545384159,705299.879673116,80,132068,65.30484515127978,108210.51380083254,517,733687,502.30484515127984,709829.5138008327
0409,0.04170022587199979,1.869100083865462,137,199558,134.6885008839464,196463.25991838853,507,712460,504.6885008839464,709365.2599183886,139,201462,135.28941083280463,197040.7306198612,509,714364,505.2894108328046,709942.7306198612
0408,0.13629616697549918,2.9055905296204423,74,138371,71.457534548385,133333.5611537216,480,709723,477.45753454838507,704685.5611537216,82,153382,73.89501494008405,138003.31469731734,488,724734,479.89501494008414,709355.3146973174
0405,0.07384066429249958,1.3408594746936362,78,121401,77.36581119014978,120490.06295223461,424,710445,423.3658111901498,709534.0629522346,78,121401,77.36581119014978,120490.06295223461,424,710445,423.3658111901498,709534.0629522346
0406,0.1584389137999994,2.4996692174937456,66,98752,64.0548397518168,95655.43413349349,511,710883,509.0548397518168,707786.4341334935,74,109759,66.01225416364643,97984.05331539024,519,721890,511.01225416364645,710115.0533153901
