geoid,carea,cperim,dperim_0.5,dpperim_0.5,dperim_pro_0.5,dpperim_pro_0.5,darea_0.5,dparea_0.5,darea_pro_0.5,dparea_pro_0.5,dperim_0.1,dpperim_0.1,dperim_pro_0.1,dpperim_pro_0.1,darea_0.1,dparea_0.1,darea_pro_0.1,dparea_pro_0.1
2707,10.760372989838007,24.931499369164378,126,134766,123.85272842433415,131051.59707314367,613,662792,610.8527284243344,659077.5970731438,131,141751,125.1398638125405,132958.09103016934,618,669777,612.1398638125406,660984.0910301695
2703,0.17229726552749966,2.8139247297290635,100,145747,99.61391535937396,145191.77396775282,473,664206,472.61391535937395,663650.7739677528,100,145747,99.61391535937396,145191.77396775282,473,664206,472.61391535937395,663650.7739677528
2701,3.5340523593440127,12.916683701137067,81,85635,80.12518535554392,84360.08839498773,549,664852,548.1251853555439,663577.0883949876,82,86323,80.43229252671301,84571.37812875207,550,665540,548.432292526713,663788.3781287521
2704,0.10794197100850035,1.6057693897835446,54,77109,53.96388358719719,77042.18633340808,492,662728,491.9638835871972,662661.186333408,56,82378,54.42471638913648,78211.56562404934,494,667997,492.42471638913645,663830.5656240493
2708,10.063465815438963,19.572747306444903,91,114843,89.9286931901523,113129.64609591283,587,664636,585.9286931901523,662922.6460959129,95,121439,91.03217105550527,114951.22265665211,591,671232,587.0321710555054,664744.2226566522
2706,0.9033119241280051,7.283979962246629,101,187660,100.74536044291291,187346.15646846508,388,659384,387.745360442913,659070.1564684651,104,193871,101.47620923459725,188985.0590705076,391,665595,388.4762092345974,660709.0590705075
2702,0.7419192557195002,5.723619032157216,66,99988,65.45399970381116,98670.31764790248,383,662444,382.4539997038112,661126.3176479028,67,101965,65.87513749995028,99502.90707086955,384,664421,382.87513749995026,661958.9070708698
2705,0.041994683246500235,1.1907403612386278,90,105406,89.99742268797094,105402.63707233894,626,662883,625.9974226879708,662879.637072339,91,106880,90.1219075808261,105586.12780440746,627,664357,626.121907580826,663063.1278044075
