geoid,carea,cperim,dperim_0.5,dpperim_0.5,dperim_pro_0.5,dpperim_pro_0.5,darea_0.5,dparea_0.5,darea_pro_0.5,dparea_pro_0.5,dperim_0.1,dpperim_0.1,dperim_pro_0.1,dpperim_pro_0.1,darea_0.1,dparea_0.1,darea_pro_0.1,dparea_pro_0.1
2302,9.026600351475548,19.554437305634863,109,117953,108.99999949891476,117952.9995754511,564,664181,563.9999994989148,664180.9995754511,109,117953,108.99999949891476,117952.9995754511,564,664181,563.9999994989148,664180.9995754511
2301,1.4824435035829977,10.58708024990513,89,111178,88.99945737621363,111176.79441357507,522,664180,521.9994573762136,664178.794413575,89,111178,88.99945737621363,111176.79441357507,522,664180,521.9994573762136,664178.794413575
