geoid,carea,cperim,dperim_0.5,dpperim_0.5,dperim_pro_0.5,dpperim_pro_0.5,darea_0.5,dparea_0.5,darea_pro_0.5,dparea_pro_0.5,dperim_0.1,dpperim_0.1,dperim_pro_0.1,dpperim_pro_0.1,darea_0.1,dparea_0.1,darea_pro_0.1,dparea_pro_0.1
3502,18.04689263814402,23.836217735445306,42,170091,39.86228334792907,161687.5740631263,168,700270,165.86228334792906,691866.5740631262,47,192010,40.90756876133431,165655.9542186082,173,722189,166.9075687613343,695834.9542186081
3503,11.671029355565942,20.04715638381533,50,202423,48.267058350640745,195081.44161431037,175,681365,173.26705835064075,674023.4416143105,56,226286,49.77292291419189,200630.91788550047,181,705228,174.77292291419187,679572.9178855005
3501,1.1749689514700037,7.6039025687039,22,111734,20.84712223021453,106219.83835934359,156,677544,154.84712223021452,672029.8383593436,30,149275,23.02476168398556,116685.23500231776,164,715085,157.0247616839856,682495.2350023176
