geoid,carea,cperim,dperim_0.5,dpperim_0.5,dperim_pro_0.5,dpperim_pro_0.5,darea_0.5,dparea_0.5,darea_pro_0.5,dparea_pro_0.5,dperim_0.1,dpperim_0.1,dperim_pro_0.1,dpperim_pro_0.1,darea_0.1,dparea_0.1,darea_pro_0.1,dparea_pro_0.1
1501,0.08689465605000063,1.6789111330482653,29,129460,28.987483885348848,129415.53718240498,178,680026,177.98748388534884,679981.537182405,31,137692,29.440341746039568,130450.27222879417,180,688258,178.44034174603956,681016.2722287942
1502,2.3738094291819984,21.185021107181033,41,67794,40.3935422083513,66277.4556581338,173,680275,172.39354220835128,678758.4556581338,41,67794,40.3935422083513,66277.4556581338,173,680275,172.39354220835128,678758.4556581338
